// Written by re/gensymbols.py from the line-up of the four table programs. Do not edit.

ENCORE_MAP_DATA(0x0000, 0x0000, 0x0000, 0x0000)
ENCORE_MAP_DATA(0x0001, 0x0001, 0x0001, 0x0001)
ENCORE_MAP_DATA(0x0002, 0x0002, 0x0002, 0x0002)
ENCORE_MAP_DATA(0x0003, 0x0003, 0x0003, 0x0003)
ENCORE_MAP_DATA(0x0004, 0x0004, 0x0004, 0x0004)
ENCORE_MAP_DATA(0x0005, 0x0005, 0x0005, 0x0005)
ENCORE_MAP_DATA(0x0006, 0x0006, 0x0006, 0x0006)
ENCORE_MAP_DATA(0x0007, 0x0007, 0x0007, 0x0007)
ENCORE_MAP_DATA(0x0008, 0x0008, 0x0008, 0x0008)
ENCORE_MAP_DATA(0x0009, 0x0009, 0x0009, 0x0009)
ENCORE_MAP_DATA(0x000a, 0x000a, 0x000a, 0x000a)
ENCORE_MAP_DATA(0x000b, 0x000b, 0x000b, 0x000b)
ENCORE_MAP_DATA(0x000c, 0x000c, 0x000c, 0x000c)
ENCORE_MAP_DATA(0x000e, 0x000e, 0x000e, 0x000e)
ENCORE_MAP_DATA(0x0010, 0x0010, 0x0010, 0x0010)
ENCORE_MAP_DATA(0x0011, 0x0011, 0xffff, 0xffff)
ENCORE_MAP_DATA(0x0012, 0x0012, 0x0012, 0x0012)
ENCORE_MAP_DATA(0x0014, 0x0014, 0x0014, 0x0014)
ENCORE_MAP_DATA(0x0016, 0x0016, 0x0016, 0x0016)
ENCORE_MAP_DATA(0x0018, 0x0018, 0x0018, 0x0018)
ENCORE_MAP_DATA(0x001a, 0x001a, 0x001a, 0x001a)
ENCORE_MAP_DATA(0x001c, 0x001c, 0x001c, 0x001c)
ENCORE_MAP_DATA(0x001e, 0x001e, 0x001e, 0x001e)
ENCORE_MAP_DATA(0x0020, 0x0020, 0x0020, 0x0020)
ENCORE_MAP_DATA(0x0021, 0x0021, 0x0021, 0x0021)
ENCORE_MAP_DATA(0x0022, 0x0022, 0x0022, 0x0022)
ENCORE_MAP_DATA(0x0024, 0x0024, 0x0024, 0x0024)
ENCORE_MAP_DATA(0x0026, 0x0026, 0x0026, 0x0026)
ENCORE_MAP_DATA(0x0028, 0x0028, 0x0028, 0x0028)
ENCORE_MAP_DATA(0x0029, 0x0029, 0x0029, 0x0029)
ENCORE_MAP_DATA(0x002a, 0x002a, 0x002a, 0x002a)
ENCORE_MAP_DATA(0x002b, 0x002b, 0x002b, 0x002b)
ENCORE_MAP_DATA(0x002c, 0x002c, 0x002c, 0x002c)
ENCORE_MAP_DATA(0x0030, 0x0030, 0x0030, 0x0030)
ENCORE_MAP_DATA(0x0034, 0x0034, 0x0034, 0x0034)
ENCORE_MAP_DATA(0x0036, 0x0036, 0x0036, 0x0036)
ENCORE_MAP_DATA(0x0038, 0x0038, 0x0038, 0x0038)
ENCORE_MAP_DATA(0x003a, 0x003a, 0x003a, 0x003a)
ENCORE_MAP_DATA(0x0042, 0x0042, 0x0042, 0x0042)
ENCORE_MAP_DATA(0x004f, 0x004f, 0x004f, 0x004f)
ENCORE_MAP_DATA(0x0050, 0x0050, 0x0050, 0x0050)
ENCORE_MAP_DATA(0x0051, 0x0051, 0x0051, 0x0051)
ENCORE_MAP_DATA(0x0054, 0x0054, 0x0054, 0x0054)
ENCORE_MAP_DATA(0x0055, 0x0055, 0x0055, 0x0055)
ENCORE_MAP_DATA(0x0056, 0x0056, 0x0056, 0x0056)
ENCORE_MAP_DATA(0x005e, 0x007b, 0x0233, 0x0ca2)
ENCORE_MAP_DATA(0x0060, 0x0060, 0x0060, 0x0060)
ENCORE_MAP_DATA(0x0062, 0x0062, 0x0062, 0x0062)
ENCORE_MAP_DATA(0x0063, 0x0063, 0x0063, 0xffff)
ENCORE_MAP_DATA(0x0064, 0x0064, 0x0064, 0x0064)
ENCORE_MAP_DATA(0x0065, 0x0065, 0x0065, 0x0065)
ENCORE_MAP_DATA(0x0066, 0x0066, 0x0066, 0x0066)
ENCORE_MAP_DATA(0x0067, 0x0067, 0x0067, 0x0067)
ENCORE_MAP_DATA(0x0069, 0x0069, 0x0069, 0x0069)
ENCORE_MAP_DATA(0x006c, 0x006c, 0x006c, 0x006c)
ENCORE_MAP_DATA(0x006e, 0x006e, 0x006e, 0x006e)
ENCORE_MAP_DATA(0x006f, 0x006f, 0x006f, 0x006f)
ENCORE_MAP_DATA(0x0070, 0x0070, 0x0070, 0x0070)
ENCORE_MAP_DATA(0x0072, 0x0072, 0x0072, 0x0072)
ENCORE_MAP_DATA(0x0074, 0x0099, 0x024d, 0x0cd4)
ENCORE_MAP_DATA(0x0075, 0x0075, 0x0075, 0x0075)
ENCORE_MAP_DATA(0x0076, 0x0076, 0x0076, 0x0076)
ENCORE_MAP_DATA(0x0078, 0x0078, 0x0078, 0x0078)
ENCORE_MAP_DATA(0x0079, 0x0079, 0x0079, 0x0079)
ENCORE_MAP_DATA(0x007e, 0x007e, 0x007e, 0x007e)
ENCORE_MAP_DATA(0x007f, 0x007f, 0x007f, 0x007f)
ENCORE_MAP_DATA(0x0086, 0xffff, 0xffff, 0x022e)
ENCORE_MAP_DATA(0x0089, 0x361f, 0xffff, 0xffff)
ENCORE_MAP_DATA(0x008a, 0xffff, 0xffff, 0x020b)
ENCORE_MAP_DATA(0x008b, 0xffff, 0xffff, 0x022a)
ENCORE_MAP_DATA(0x008c, 0xffff, 0xffff, 0x022b)
ENCORE_MAP_DATA(0x008d, 0xffff, 0xffff, 0x022c)
ENCORE_MAP_DATA(0x0094, 0xffff, 0xffff, 0x022d)
ENCORE_MAP_DATA(0x0095, 0x10a9, 0xffff, 0x022e)
ENCORE_MAP_DATA(0x0096, 0xffff, 0xffff, 0x0251)
ENCORE_MAP_DATA(0x0097, 0x007a, 0xffff, 0xffff)
ENCORE_MAP_DATA(0x0098, 0x1067, 0xffff, 0x0223)
ENCORE_MAP_DATA(0x0099, 0x1068, 0xffff, 0x0224)
ENCORE_MAP_DATA(0x009a, 0x1069, 0xffff, 0x0225)
ENCORE_MAP_DATA(0x009b, 0x007a, 0xffff, 0x0207)
ENCORE_MAP_DATA(0x009c, 0x009c, 0x009c, 0x009c)
ENCORE_MAP_DATA(0x009e, 0x009e, 0x009e, 0x009e)
ENCORE_MAP_DATA(0x00a0, 0x00a0, 0x00a0, 0x00a0)
ENCORE_MAP_DATA(0x00a1, 0x106b, 0x00a1, 0x0228)
ENCORE_MAP_DATA(0x00a2, 0x00a2, 0x00a2, 0x00a2)
ENCORE_MAP_DATA(0x00a3, 0x1068, 0x01bb, 0x0229)
ENCORE_MAP_DATA(0x00a4, 0xffff, 0xffff, 0x0225)
ENCORE_MAP_DATA(0x00a5, 0x007a, 0x0060, 0x021f)
ENCORE_MAP_DATA(0x00a6, 0x1083, 0x0064, 0xffff)
ENCORE_MAP_DATA(0x00a8, 0x00a8, 0x00a8, 0x00a8)
ENCORE_MAP_DATA(0x00a9, 0x00a9, 0x00a9, 0x00a9)
ENCORE_MAP_DATA(0x00aa, 0x00aa, 0x00aa, 0x00aa)
ENCORE_MAP_DATA(0x00ab, 0x00ab, 0x00ab, 0x00ab)
ENCORE_MAP_DATA(0x00ae, 0x0056, 0x03a3, 0x01ec)
ENCORE_MAP_DATA(0x00b2, 0x00b2, 0x00b2, 0x00b2)
ENCORE_MAP_DATA(0x00c8, 0x00c8, 0x00c8, 0x0259)
ENCORE_MAP_DATA(0x00c9, 0x00c9, 0x00c9, 0x023b)
ENCORE_MAP_DATA(0x00ca, 0xffff, 0xffff, 0x0247)
ENCORE_MAP_DATA(0x00cb, 0x10a7, 0x01b6, 0x126f)
ENCORE_MAP_DATA(0x00cc, 0x00cc, 0x00cc, 0x00cc)
ENCORE_MAP_DATA(0x00cd, 0x0070, 0x03bd, 0x0206)
ENCORE_MAP_DATA(0x00ce, 0x0071, 0x00ce, 0x0226)
ENCORE_MAP_DATA(0x00cf, 0x1077, 0xffff, 0x1270)
ENCORE_MAP_DATA(0x00d0, 0x10ad, 0x005f, 0x025d)
ENCORE_MAP_DATA(0x00d1, 0x10ae, 0x03bd, 0x026e)
ENCORE_MAP_DATA(0x00d2, 0x00d2, 0x00d2, 0x00d2)
ENCORE_MAP_DATA(0x00d3, 0x00d3, 0x00d3, 0x00d3)
ENCORE_MAP_DATA(0x00d4, 0x1078, 0xffff, 0x126f)
ENCORE_MAP_DATA(0x00d7, 0xffff, 0xffff, 0x0260)
ENCORE_MAP_DATA(0x00ef, 0x00ef, 0x00ef, 0x00ef)
ENCORE_MAP_DATA(0x00f1, 0x00f1, 0x00f1, 0x00f1)
ENCORE_MAP_DATA(0x00fc, 0x00fc, 0x00fc, 0x00fc)
ENCORE_MAP_DATA(0x00fd, 0x00fd, 0x00fd, 0x00fd)
ENCORE_MAP_DATA(0x00fe, 0x00fe, 0x00fe, 0x00fe)
ENCORE_MAP_DATA(0x00ff, 0x00ff, 0x00ff, 0x00ff)
ENCORE_MAP_DATA(0x0117, 0x0117, 0x0117, 0x0117)
ENCORE_MAP_DATA(0x0119, 0x0119, 0x0119, 0x0119)
ENCORE_MAP_DATA(0x0126, 0x0126, 0x0126, 0x0126)
ENCORE_MAP_DATA(0x0127, 0x0127, 0x0127, 0x0127)
ENCORE_MAP_DATA(0x013f, 0x013f, 0x013f, 0x013f)
ENCORE_MAP_DATA(0x0141, 0x0141, 0x0141, 0x0141)
ENCORE_MAP_DATA(0x0150, 0x0150, 0x0150, 0x0150)
ENCORE_MAP_DATA(0x0151, 0x0151, 0x0151, 0x0151)
ENCORE_MAP_DATA(0x0152, 0x0152, 0x0152, 0x0152)
ENCORE_MAP_DATA(0x0153, 0x0153, 0x0153, 0x0153)
ENCORE_MAP_DATA(0x0167, 0x0167, 0x0167, 0x0167)
ENCORE_MAP_DATA(0x0169, 0x0169, 0x0169, 0x0169)
ENCORE_MAP_DATA(0x017a, 0x017a, 0x017a, 0x017a)
ENCORE_MAP_DATA(0x017b, 0x017b, 0x017b, 0x017b)
ENCORE_MAP_DATA(0x018f, 0x018f, 0x018f, 0x018f)
ENCORE_MAP_DATA(0x0191, 0x0191, 0x0191, 0x0191)
ENCORE_MAP_DATA(0x0198, 0x0198, 0x0198, 0x0198)
ENCORE_MAP_DATA(0x01a4, 0x01a4, 0x01a4, 0x01a4)
ENCORE_MAP_DATA(0x01a5, 0x01a5, 0x01a5, 0x01a5)
ENCORE_MAP_DATA(0x01a6, 0x01a6, 0x01a6, 0x01a6)
ENCORE_MAP_DATA(0x01a7, 0x01a7, 0x01a7, 0x01a7)
ENCORE_MAP_DATA(0x01b8, 0x01b8, 0x01b8, 0x01b8)
ENCORE_MAP_DATA(0x01b9, 0x01b9, 0x01b9, 0x01b9)
ENCORE_MAP_DATA(0x01ce, 0x01ce, 0x01ce, 0x01ce)
ENCORE_MAP_DATA(0x01cf, 0x01cf, 0x01cf, 0x01cf)
ENCORE_MAP_DATA(0x01e0, 0x01e0, 0x01e0, 0x01e0)
ENCORE_MAP_DATA(0x01e1, 0x01e1, 0x01e1, 0x01e1)
ENCORE_MAP_DATA(0x01f8, 0x01f8, 0x01f8, 0x01f8)
ENCORE_MAP_DATA(0x01f9, 0x01f9, 0x01f9, 0x01f9)
ENCORE_MAP_DATA(0x01fa, 0x01fa, 0x01fa, 0x01fa)
ENCORE_MAP_DATA(0x01fb, 0x01fb, 0x01fb, 0x01fb)
ENCORE_MAP_DATA(0x01fc, 0x095d, 0x0854, 0xffff)
ENCORE_MAP_DATA(0x0208, 0x0208, 0x0208, 0x0208)
ENCORE_MAP_DATA(0x0209, 0x0209, 0x0209, 0x0d31)
ENCORE_MAP_DATA(0x020a, 0xffff, 0xffff, 0x0d32)
ENCORE_MAP_DATA(0x020b, 0xffff, 0xffff, 0x0d33)
ENCORE_MAP_DATA(0x020c, 0xffff, 0xffff, 0x0d34)
ENCORE_MAP_DATA(0x020d, 0xffff, 0xffff, 0x0d29)
ENCORE_MAP_DATA(0x020e, 0xffff, 0xffff, 0x0d2a)
ENCORE_MAP_DATA(0x020f, 0xffff, 0xffff, 0x0d2b)
ENCORE_MAP_DATA(0x0210, 0xffff, 0xffff, 0x0d33)
ENCORE_MAP_DATA(0x0211, 0xffff, 0xffff, 0x0d34)
ENCORE_MAP_DATA(0x0212, 0xffff, 0xffff, 0x0d29)
ENCORE_MAP_DATA(0x0213, 0xffff, 0xffff, 0x0d2a)
ENCORE_MAP_DATA(0x0214, 0xffff, 0xffff, 0x0d2b)
ENCORE_MAP_DATA(0x021a, 0x00b3, 0x0263, 0x0d02)
ENCORE_MAP_DATA(0x0222, 0x0222, 0x0222, 0x0222)
ENCORE_MAP_DATA(0x0223, 0x0223, 0x0223, 0x0223)
ENCORE_MAP_DATA(0x0226, 0x00bf, 0xffff, 0xffff)
ENCORE_MAP_DATA(0x0230, 0x0230, 0x0230, 0x0230)
ENCORE_MAP_DATA(0x0231, 0x0231, 0x0231, 0x0231)
ENCORE_MAP_DATA(0x0232, 0x00cb, 0xffff, 0xffff)
ENCORE_MAP_DATA(0x023e, 0x0103, 0xffff, 0xffff)
ENCORE_MAP_DATA(0x024c, 0x024c, 0x024c, 0x024c)
ENCORE_MAP_DATA(0x024d, 0x024d, 0x024d, 0x024d)
ENCORE_MAP_DATA(0x024e, 0x024e, 0x024e, 0x024e)
ENCORE_MAP_DATA(0x024f, 0x024f, 0x024f, 0x024f)
ENCORE_MAP_DATA(0x0258, 0x0258, 0x0258, 0x0258)
ENCORE_MAP_DATA(0x0259, 0x0259, 0x0259, 0x0259)
ENCORE_MAP_DATA(0x0262, 0x00f7, 0xffff, 0xffff)
ENCORE_MAP_DATA(0x0280, 0x0280, 0x0280, 0x0280)
ENCORE_MAP_DATA(0x0281, 0x0281, 0x0281, 0x0281)
ENCORE_MAP_DATA(0x02a0, 0x02a0, 0x02a0, 0x02a0)
ENCORE_MAP_DATA(0x02a1, 0x02a1, 0x02a1, 0x02a1)
ENCORE_MAP_DATA(0x02a2, 0x02a2, 0x02a2, 0x02a2)
ENCORE_MAP_DATA(0x02a3, 0x02a3, 0x02a3, 0x02a3)
ENCORE_MAP_DATA(0x02f4, 0x02f4, 0x02f4, 0x02f4)
ENCORE_MAP_DATA(0x02f5, 0x02f5, 0x02f5, 0x02f5)
ENCORE_MAP_DATA(0x02f6, 0x02f6, 0x02f6, 0x02f6)
ENCORE_MAP_DATA(0x02f7, 0x02f7, 0x02f7, 0x02f7)
ENCORE_MAP_DATA(0x0348, 0x0348, 0x0348, 0x0348)
ENCORE_MAP_DATA(0x0349, 0x0349, 0x0349, 0x0349)
ENCORE_MAP_DATA(0x034a, 0x034a, 0x034a, 0x034a)
ENCORE_MAP_DATA(0x034b, 0x034b, 0x034b, 0x034b)
ENCORE_MAP_DATA(0x039c, 0x039c, 0x039c, 0x039c)
ENCORE_MAP_DATA(0x039d, 0x039d, 0x039d, 0x039d)
ENCORE_MAP_DATA(0x039e, 0x039e, 0x039e, 0x039e)
ENCORE_MAP_DATA(0x039f, 0x039f, 0x039f, 0x039f)
ENCORE_MAP_DATA(0x03f0, 0x03f0, 0x03f0, 0x03f0)
ENCORE_MAP_DATA(0x03f1, 0x03f1, 0x03f1, 0x03f1)
ENCORE_MAP_DATA(0x03f2, 0x03f2, 0x03f2, 0x03f2)
ENCORE_MAP_DATA(0x03f3, 0x03f3, 0x03f3, 0x03f3)
ENCORE_MAP_DATA(0x0428, 0x02ec, 0x02c0, 0x025a)
ENCORE_MAP_DATA(0x042a, 0x02ee, 0x02c2, 0x025c)
ENCORE_MAP_DATA(0x042c, 0x02f0, 0x02c4, 0x025e)
ENCORE_MAP_DATA(0x042e, 0x02f2, 0x02c6, 0x0260)
ENCORE_MAP_DATA(0x0444, 0x0444, 0x0444, 0x0444)
ENCORE_MAP_DATA(0x0445, 0x0445, 0x0445, 0x0445)
ENCORE_MAP_DATA(0x0446, 0x0446, 0x0446, 0x0446)
ENCORE_MAP_DATA(0x0498, 0x0498, 0x0498, 0x0498)
ENCORE_MAP_DATA(0x0499, 0x0499, 0x0499, 0x0499)
ENCORE_MAP_DATA(0x049a, 0x049a, 0x049a, 0x049a)
ENCORE_MAP_DATA(0x049b, 0x049b, 0x049b, 0x049b)
ENCORE_MAP_DATA(0x0540, 0x0540, 0x0540, 0x0540)
ENCORE_MAP_DATA(0x0541, 0x0541, 0x0541, 0x0541)
ENCORE_MAP_DATA(0x0542, 0x0542, 0x0542, 0x0542)
ENCORE_MAP_DATA(0x0543, 0x0543, 0x0543, 0x0543)
ENCORE_MAP_DATA(0x05a9, 0x1073, 0xffff, 0x0248)
ENCORE_MAP_DATA(0x05ab, 0x1083, 0xffff, 0x024f)
ENCORE_MAP_DATA(0x05ad, 0x107d, 0x0066, 0x024d)
ENCORE_MAP_DATA(0x05b1, 0x33aa, 0x2c74, 0x025a)
ENCORE_MAP_DATA(0x05b2, 0x10a8, 0xffff, 0x025b)
ENCORE_MAP_DATA(0x05b3, 0x10aa, 0x0ddc, 0x025c)
ENCORE_MAP_DATA(0x05e8, 0x05e8, 0x05e8, 0x05e8)
ENCORE_MAP_DATA(0x05e9, 0x05e9, 0x05e9, 0x05e9)
ENCORE_MAP_DATA(0x05ea, 0x05ea, 0x05ea, 0x05ea)
ENCORE_MAP_DATA(0x05eb, 0x05eb, 0x05eb, 0x05eb)
ENCORE_MAP_DATA(0x0690, 0x0690, 0x0690, 0x0690)
ENCORE_MAP_DATA(0x0691, 0x0691, 0x0691, 0x0691)
ENCORE_MAP_DATA(0x0692, 0x0692, 0x0692, 0x0692)
ENCORE_MAP_DATA(0x0693, 0x0693, 0x0693, 0x0693)
ENCORE_MAP_DATA(0x0738, 0x0738, 0x0738, 0x0738)
ENCORE_MAP_DATA(0x0739, 0x0739, 0x0739, 0x0739)
ENCORE_MAP_DATA(0x073a, 0x073a, 0x073a, 0x073a)
ENCORE_MAP_DATA(0x073b, 0x073b, 0x073b, 0x073b)
ENCORE_MAP_DATA(0x07e0, 0x07e0, 0x07e0, 0x07e0)
ENCORE_MAP_DATA(0x07e1, 0x07e1, 0x07e1, 0x07e1)
ENCORE_MAP_DATA(0x07e2, 0x07e2, 0x07e2, 0x07e2)
ENCORE_MAP_DATA(0x07e3, 0x07e3, 0x07e3, 0x07e3)
ENCORE_MAP_DATA(0x0888, 0x0888, 0x0888, 0x0888)
ENCORE_MAP_DATA(0x0889, 0x0889, 0x0889, 0x0889)
ENCORE_MAP_DATA(0x088a, 0x088a, 0x088a, 0x088a)
ENCORE_MAP_DATA(0x088b, 0x088b, 0x088b, 0x088b)
ENCORE_MAP_DATA(0x08fc, 0x08fc, 0x08fc, 0x08fc)
ENCORE_MAP_DATA(0x0933, 0x0933, 0x0933, 0x0933)
ENCORE_MAP_DATA(0x09db, 0x09db, 0x09db, 0x09db)
ENCORE_MAP_DATA(0x0c1d, 0x09f2, 0x0865, 0xffff)
ENCORE_MAP_DATA(0x0c1e, 0x09f3, 0x0866, 0xffff)
ENCORE_MAP_DATA(0x0c20, 0x09f5, 0x0868, 0xffff)
ENCORE_MAP_DATA(0x0c2d, 0x09fa, 0x086d, 0x08b8)
ENCORE_MAP_DATA(0x0c2e, 0x09fb, 0x086e, 0x08b9)
ENCORE_MAP_DATA(0x0c30, 0x09fd, 0x0870, 0x08bb)
ENCORE_MAP_DATA(0x0c31, 0x09fe, 0x0871, 0x08bc)
ENCORE_MAP_DATA(0x0c32, 0x09ff, 0x0872, 0x08bd)
ENCORE_MAP_DATA(0x0c34, 0x0a01, 0x0874, 0x08bf)
ENCORE_MAP_DATA(0x0c35, 0x0a02, 0x0875, 0x08c0)
ENCORE_MAP_DATA(0x0c36, 0x0a03, 0x0876, 0x08c1)
ENCORE_MAP_DATA(0x0c38, 0x0a05, 0x0878, 0x08c3)
ENCORE_MAP_DATA(0x0c3d, 0x0a0a, 0x087d, 0x08c8)
ENCORE_MAP_DATA(0x0c3e, 0x0a0b, 0x087e, 0x08c9)
ENCORE_MAP_DATA(0x0c40, 0x0a0d, 0x0880, 0x08cb)
ENCORE_MAP_DATA(0x0c41, 0x0a0e, 0xffff, 0x08cc)
ENCORE_MAP_DATA(0x0c42, 0x0a0f, 0xffff, 0x08cd)
ENCORE_MAP_DATA(0x0c44, 0x0a11, 0xffff, 0x08cf)
ENCORE_MAP_DATA(0x0c45, 0xffff, 0x0889, 0x08d4)
ENCORE_MAP_DATA(0x0c46, 0xffff, 0x088a, 0x08d5)
ENCORE_MAP_DATA(0x0c48, 0xffff, 0x088c, 0x08d7)
ENCORE_MAP_DATA(0x0c49, 0xffff, 0x0885, 0xffff)
ENCORE_MAP_DATA(0x0c4a, 0xffff, 0x0886, 0xffff)
ENCORE_MAP_DATA(0x0c4c, 0xffff, 0x0888, 0xffff)
ENCORE_MAP_DATA(0x0c61, 0x0a36, 0x08a5, 0x08e4)
ENCORE_MAP_DATA(0x0c62, 0x0a37, 0x08a6, 0x08e5)
ENCORE_MAP_DATA(0x0c64, 0x0a39, 0x08a8, 0x08e7)
ENCORE_MAP_DATA(0x0c65, 0x0a12, 0x08b9, 0x08e8)
ENCORE_MAP_DATA(0x0c66, 0x0a13, 0x08ba, 0x08e9)
ENCORE_MAP_DATA(0x0c68, 0x0a15, 0x08bc, 0x08eb)
ENCORE_MAP_DATA(0x0c6f, 0x0a41, 0x08de, 0x08f2)
ENCORE_MAP_DATA(0x0c71, 0x0a43, 0x08e0, 0x08f1)
ENCORE_MAP_DATA(0x0c72, 0x0a44, 0x08d2, 0x08f5)
ENCORE_MAP_DATA(0x0c84, 0x0a56, 0x08b6, 0x0907)
ENCORE_MAP_DATA(0x12bd, 0x0fdc, 0x0d8b, 0x11d0)
ENCORE_MAP_DATA(0x18c2, 0x50c2, 0xffff, 0x00c2)
ENCORE_MAP_DATA(0x1c28, 0x1d53, 0x1a40, 0x23bc)
ENCORE_MAP_DATA(0x1c3a, 0x1d65, 0x1a52, 0x23ce)
ENCORE_MAP_DATA(0x1c3e, 0x1d69, 0x1a56, 0x23d2)
ENCORE_MAP_DATA(0x1cf9, 0x1d92, 0x1aa8, 0xffff)
ENCORE_MAP_DATA(0x1d91, 0x1da9, 0x1a93, 0xffff)
ENCORE_MAP_DATA(0x1d9b, 0x1db3, 0x1ab2, 0x2412)
ENCORE_MAP_DATA(0x1db9, 0x1dd1, 0xffff, 0xffff)
ENCORE_MAP_DATA(0x2249, 0x2058, 0x1d09, 0x26b4)
ENCORE_MAP_DATA(0x2253, 0x2062, 0x1d13, 0x26be)
ENCORE_MAP_DATA(0x2288, 0x2097, 0x1d48, 0x26f3)
ENCORE_MAP_DATA(0x228f, 0x209e, 0x1d4f, 0x26fa)
ENCORE_MAP_DATA(0x229e, 0x20ad, 0x1d5e, 0x270c)
ENCORE_MAP_DATA(0x230a, 0x2119, 0x1dcb, 0x2795)
ENCORE_MAP_DATA(0x230c, 0x211b, 0x1dcd, 0x2797)
ENCORE_MAP_DATA(0x230d, 0x211c, 0x1dce, 0x2798)
ENCORE_MAP_DATA(0x230e, 0x211d, 0x1dcf, 0x2799)
ENCORE_MAP_DATA(0x230f, 0x211e, 0x1dd0, 0x279a)
ENCORE_MAP_DATA(0x2310, 0x211f, 0x1dd1, 0x279b)
ENCORE_MAP_DATA(0x2311, 0x2120, 0x1dd2, 0x279c)
ENCORE_MAP_DATA(0x2312, 0x2122, 0x1dd4, 0x279e)
ENCORE_MAP_DATA(0x2314, 0x2124, 0x1dd6, 0x27a0)
ENCORE_MAP_DATA(0x2316, 0x2126, 0x1dd8, 0x27a2)
ENCORE_MAP_DATA(0x2318, 0x2128, 0x1dda, 0x27a4)
ENCORE_MAP_DATA(0x231a, 0x212a, 0x1ddc, 0x27a6)
ENCORE_MAP_DATA(0x239b, 0x21ab, 0x1e5d, 0x2827)
ENCORE_MAP_DATA(0x239c, 0x21ac, 0x1e5e, 0x2828)
ENCORE_MAP_DATA(0x239d, 0x21ad, 0x1e5f, 0x2829)
ENCORE_MAP_DATA(0x239f, 0x21af, 0x1e61, 0x282b)
ENCORE_MAP_DATA(0x23a1, 0x21b1, 0x1e63, 0x282d)
ENCORE_MAP_DATA(0x23a3, 0x21b3, 0x1e65, 0x282f)
ENCORE_MAP_DATA(0x23a5, 0x21b5, 0x1e67, 0x2831)
ENCORE_MAP_DATA(0x23a6, 0x21b6, 0x1e68, 0x2832)
ENCORE_MAP_DATA(0x23a7, 0x21b7, 0x1e69, 0x2833)
ENCORE_MAP_DATA(0x23a9, 0x21b9, 0x1e6b, 0x2835)
ENCORE_MAP_DATA(0x23aa, 0x21ba, 0x1e6c, 0x2836)
ENCORE_MAP_DATA(0x23ab, 0x21bb, 0x1e6d, 0x2837)
ENCORE_MAP_DATA(0x23ac, 0x21bc, 0x1e6e, 0x2838)
ENCORE_MAP_DATA(0x248a, 0x229a, 0x1f4c, 0x2916)
ENCORE_MAP_DATA(0x2eda, 0x2cea, 0x299c, 0x3366)
ENCORE_MAP_DATA(0x2edc, 0x2cec, 0x299e, 0x3368)
ENCORE_MAP_DATA(0x2ede, 0x2cee, 0x29a0, 0x336a)
ENCORE_MAP_DATA(0x2ee0, 0x2cf0, 0x29a2, 0x336c)
ENCORE_MAP_DATA(0x2ee2, 0x2cf2, 0x29a4, 0x336e)
ENCORE_MAP_DATA(0x2ee4, 0x2cf4, 0x29a6, 0x3370)
ENCORE_MAP_DATA(0x2ee6, 0x2cf6, 0x29a8, 0x3372)
ENCORE_MAP_DATA(0x2ee8, 0x2cf8, 0x29aa, 0x3374)
ENCORE_MAP_DATA(0x2eea, 0x2cfa, 0x29ac, 0x3376)
ENCORE_MAP_DATA(0x2eec, 0x2cfc, 0x29ae, 0x3378)
ENCORE_MAP_DATA(0x2eee, 0x2cfe, 0x29b0, 0x337a)
ENCORE_MAP_DATA(0x2ef0, 0x2d00, 0x29b2, 0x337c)
ENCORE_MAP_DATA(0x2ef2, 0x2d02, 0x29b4, 0x337e)
ENCORE_MAP_DATA(0x2ef4, 0x2d04, 0x29b6, 0x3380)
ENCORE_MAP_DATA(0x2ef6, 0x2d06, 0x29b8, 0x3382)
ENCORE_MAP_DATA(0x2ef8, 0x2d08, 0x29ba, 0x3384)
ENCORE_MAP_DATA(0x2efa, 0x2d0a, 0x29bc, 0x3386)
ENCORE_MAP_DATA(0x2f00, 0x2d10, 0x29c2, 0x338c)
ENCORE_MAP_DATA(0x2f01, 0x2d11, 0x29c3, 0x338d)
ENCORE_MAP_DATA(0x2f02, 0x2d12, 0x29c4, 0x338e)
ENCORE_MAP_DATA(0x2f04, 0x2d14, 0x29c6, 0x3390)
ENCORE_MAP_DATA(0x2f06, 0x2d16, 0x29c8, 0x3392)
ENCORE_MAP_DATA(0x2f07, 0x2d17, 0x29c9, 0x3393)
ENCORE_MAP_DATA(0x2f08, 0x2d18, 0x29ca, 0x3394)
ENCORE_MAP_DATA(0x2f09, 0x2d19, 0x29cb, 0x3395)
ENCORE_MAP_DATA(0x2f0a, 0x2d1a, 0x29cc, 0x3396)
ENCORE_MAP_DATA(0x2f0b, 0x2d1b, 0x29cd, 0x3397)
ENCORE_MAP_DATA(0x2f1e, 0x2d2e, 0x29e0, 0x33aa)
ENCORE_MAP_DATA(0x2f20, 0x2d30, 0x29e2, 0x33ac)
ENCORE_MAP_DATA(0x2f28, 0x2d38, 0x29ea, 0x33b4)
ENCORE_MAP_DATA(0x2f29, 0x2d39, 0x29eb, 0x33b5)
ENCORE_MAP_DATA(0x2f2a, 0x2d3a, 0x29ec, 0x33b6)
ENCORE_MAP_DATA(0x2f2b, 0x2d3b, 0x29ed, 0x33b7)
ENCORE_MAP_DATA(0x3314, 0x3318, 0x2be2, 0x3868)
ENCORE_MAP_DATA(0x3316, 0x331a, 0x2be4, 0x386a)
ENCORE_MAP_DATA(0x3318, 0x331c, 0x2be6, 0x386c)
ENCORE_MAP_DATA(0x331a, 0x331e, 0x2be8, 0x386e)
ENCORE_MAP_DATA(0x337f, 0x3347, 0x2c11, 0x3897)
ENCORE_MAP_DATA(0x3381, 0x3349, 0x2c13, 0x3899)
ENCORE_MAP_DATA(0x3383, 0x334b, 0x2c15, 0x389b)
ENCORE_MAP_DATA(0x3385, 0x334d, 0x2c17, 0x389d)
ENCORE_MAP_DATA(0x3389, 0x3351, 0x2c1b, 0x38a1)
ENCORE_MAP_DATA(0x338a, 0x3352, 0x2c1c, 0x38a2)
ENCORE_MAP_DATA(0x338b, 0x3353, 0x2c1d, 0x38a3)
ENCORE_MAP_DATA(0x338c, 0x3354, 0x2c1e, 0x38a4)
ENCORE_MAP_DATA(0x338e, 0x3356, 0x2c20, 0x38a6)
ENCORE_MAP_DATA(0x338f, 0x3357, 0x2c21, 0x38a7)
ENCORE_MAP_DATA(0x3390, 0x3358, 0x2c22, 0x38a8)
ENCORE_MAP_DATA(0x3392, 0x335a, 0x2c24, 0x38aa)
ENCORE_MAP_DATA(0x3394, 0x335c, 0x2c26, 0x38ac)
ENCORE_MAP_DATA(0x3396, 0x335e, 0x2c28, 0x38ae)
ENCORE_MAP_DATA(0x3397, 0x335f, 0x2c29, 0x38af)
ENCORE_MAP_DATA(0x3398, 0x3360, 0x2c2a, 0x38b0)
ENCORE_MAP_DATA(0x33b1, 0x10a1, 0xffff, 0x38c9)
ENCORE_MAP_DATA(0x33ca, 0x3392, 0x2c5c, 0x38e2)
ENCORE_MAP_DATA(0x33cc, 0x3394, 0x2c5e, 0x38e4)
ENCORE_MAP_DATA(0x33ce, 0x3396, 0x2c60, 0x38e6)
ENCORE_MAP_DATA(0x33cf, 0x3397, 0x2c61, 0x38e7)
ENCORE_MAP_DATA(0x33d0, 0x3398, 0x2c62, 0x38e8)
ENCORE_MAP_DATA(0x33dc, 0x33a4, 0x2c6e, 0x38f4)
ENCORE_MAP_DATA(0x33dd, 0x33a5, 0x2c6f, 0x38f5)
ENCORE_MAP_DATA(0x33de, 0x33a6, 0x2c70, 0x38f6)
ENCORE_MAP_DATA(0x33df, 0x33a7, 0xffff, 0xffff)
ENCORE_MAP_DATA(0x33e0, 0x33a8, 0x2c72, 0x38f8)
ENCORE_MAP_DATA(0x33e1, 0x33a9, 0x2c73, 0x38f9)
ENCORE_MAP_DATA(0x33e2, 0x33aa, 0x2c74, 0x38fa)
ENCORE_MAP_DATA(0x33e3, 0x33ab, 0x2c75, 0x38fb)
ENCORE_MAP_DATA(0x33e4, 0x33ac, 0x2c76, 0x38fc)
ENCORE_MAP_DATA(0x33e5, 0x33ad, 0x2c77, 0x38fd)
ENCORE_MAP_DATA(0x33e7, 0x33af, 0x2c79, 0x38ff)
ENCORE_MAP_DATA(0x33e9, 0x33b1, 0x2c7b, 0x3901)
ENCORE_MAP_DATA(0x33eb, 0x33b3, 0x2c7d, 0x3903)
ENCORE_MAP_DATA(0x33ed, 0x33b5, 0x2c7f, 0x3905)
ENCORE_MAP_DATA(0x33ef, 0x33b7, 0x2c81, 0x3907)
ENCORE_MAP_DATA(0x33f0, 0x33b8, 0x2c82, 0x3908)
ENCORE_MAP_DATA(0x33f1, 0x33b9, 0x2c83, 0x3909)
ENCORE_MAP_DATA(0x33f2, 0x33ba, 0x2c84, 0x390a)
ENCORE_MAP_DATA(0x33f7, 0x33bf, 0x2c89, 0x390f)
ENCORE_MAP_DATA(0x33f8, 0x33c0, 0x2c8a, 0x025e)
ENCORE_MAP_DATA(0x33f9, 0x33c1, 0x2c8b, 0x3911)
ENCORE_MAP_DATA(0x33fa, 0x33c2, 0x2c8c, 0x3912)
ENCORE_MAP_DATA(0x33fc, 0x33c4, 0x2c8e, 0x3914)
ENCORE_MAP_DATA(0x354a, 0x3512, 0x2ddc, 0x3a62)
ENCORE_MAP_DATA(0x354b, 0x3513, 0x2ddd, 0x3a63)
ENCORE_MAP_DATA(0x354d, 0x3515, 0x2ddf, 0x3a65)
ENCORE_MAP_DATA(0x354e, 0x3516, 0x2de0, 0x3a66)
ENCORE_MAP_DATA(0x354f, 0x3517, 0x2de1, 0x3a67)
ENCORE_MAP_DATA(0x3550, 0x3518, 0x2de2, 0x3a68)
ENCORE_MAP_DATA(0x3551, 0x3519, 0x2de3, 0x3a69)
ENCORE_MAP_DATA(0x3553, 0x351b, 0x2de5, 0x3a6b)
ENCORE_MAP_DATA(0x3554, 0x351c, 0x2de6, 0x3a6c)
ENCORE_MAP_DATA(0x3591, 0x361d, 0x2e5f, 0x3b6d)
ENCORE_MAP_DATA(0x3592, 0xffff, 0xffff, 0x3b71)
ENCORE_MAP_DATA(0x3593, 0xffff, 0xffff, 0x3b72)
ENCORE_MAP_DATA(0x3595, 0xffff, 0xffff, 0x3b73)
ENCORE_MAP_DATA(0x35be, 0x3622, 0xffff, 0xffff)
ENCORE_MAP_DATA(0x35bf, 0xffff, 0xffff, 0x279c)
ENCORE_MAP_DATA(0x35c4, 0x0071, 0x2e7e, 0x0226)
ENCORE_MAP_DATA(0x362e, 0x36c5, 0x2eea, 0x3bfe)
ENCORE_MAP_DATA(0x362f, 0x36c6, 0x2eeb, 0x3bff)
ENCORE_MAP_DATA(0x3630, 0x36c7, 0x2eec, 0x3c00)
ENCORE_MAP_DATA(0x3631, 0x36c8, 0x2eed, 0x3c01)
ENCORE_MAP_DATA(0x3632, 0x36c9, 0x2eee, 0x3c02)
ENCORE_MAP_DATA(0x3633, 0x36ca, 0x2eef, 0x3c03)
ENCORE_MAP_DATA(0x36e9, 0x3780, 0x2fa5, 0x3cb9)
ENCORE_MAP_DATA(0x36ec, 0x3783, 0x2fa8, 0x3cbc)
ENCORE_MAP_DATA(0x36ee, 0x3785, 0x2faa, 0x3cbe)
ENCORE_MAP_DATA(0x36f0, 0x3787, 0x2fac, 0x3cc0)
ENCORE_MAP_DATA(0x36f2, 0x3789, 0x2fae, 0x3cc2)
ENCORE_MAP_DATA(0x36f3, 0x378a, 0x2faf, 0x3cc3)
ENCORE_MAP_DATA(0x36f4, 0x378b, 0x2fb0, 0x3cc4)
ENCORE_MAP_DATA(0x36f6, 0x378d, 0x2fb2, 0x3cc6)
ENCORE_MAP_DATA(0x36f8, 0x378f, 0x2fb4, 0x3cc8)
ENCORE_MAP_DATA(0x36fa, 0x3791, 0x2fb6, 0x3cca)
ENCORE_MAP_DATA(0x36fc, 0x3793, 0x2fb8, 0x3ccc)
ENCORE_MAP_DATA(0x36fe, 0x3795, 0x2fba, 0x3cce)
ENCORE_MAP_DATA(0x3700, 0x3797, 0x2fbc, 0x3cd0)
ENCORE_MAP_DATA(0x3702, 0x3799, 0x2fbe, 0x3cd2)
ENCORE_MAP_DATA(0x3704, 0x379b, 0x2fc0, 0x3cd4)
ENCORE_MAP_DATA(0x3706, 0x379d, 0x2fc2, 0x3cd6)
ENCORE_MAP_DATA(0x3708, 0x379f, 0x2fc4, 0x3cd8)
ENCORE_MAP_DATA(0x370a, 0x37a1, 0x2fc6, 0x3cda)
ENCORE_MAP_DATA(0x370c, 0x37a3, 0x2fc8, 0x3cdc)
ENCORE_MAP_DATA(0x370e, 0x37a5, 0x2fca, 0x3cde)
ENCORE_MAP_DATA(0x3710, 0x37a7, 0x2fcc, 0x3ce0)
ENCORE_MAP_DATA(0x3711, 0x37a8, 0x2fcd, 0x3ce1)
ENCORE_MAP_DATA(0x3712, 0x2119, 0x1dcb, 0x2795)
ENCORE_MAP_DATA(0x3713, 0x37aa, 0x2fcf, 0x3ce3)
ENCORE_MAP_DATA(0x3714, 0x37ab, 0x2fd0, 0x3ce4)
ENCORE_MAP_DATA(0x3715, 0x37ac, 0x2fd1, 0x3ce5)
ENCORE_MAP_DATA(0x3716, 0x37ad, 0x2fd2, 0x3ce6)
ENCORE_MAP_DATA(0x3717, 0x37ae, 0x2fd3, 0x3ce7)
ENCORE_MAP_DATA(0x3718, 0x37af, 0x2fd4, 0x3ce8)
ENCORE_MAP_DATA(0x371a, 0x37b1, 0x2fd6, 0x3cea)
ENCORE_MAP_DATA(0x3729, 0x37c0, 0x2fe5, 0x3cf9)
ENCORE_MAP_DATA(0x372a, 0x37c1, 0x2fe6, 0x3cfa)
ENCORE_MAP_DATA(0x372b, 0x37c2, 0x2fe7, 0x3cfb)
ENCORE_MAP_DATA(0x372c, 0x37c3, 0x2fe8, 0x3cfc)
ENCORE_MAP_DATA(0x372d, 0x37c4, 0x2fe9, 0x3cfd)
ENCORE_MAP_DATA(0x372f, 0x37c6, 0x2feb, 0x3cff)
ENCORE_MAP_DATA(0x447b, 0x4512, 0x3d55, 0x4a69)
ENCORE_MAP_DATA(0x447d, 0x4514, 0x3d57, 0x4a6b)
ENCORE_MAP_DATA(0x447f, 0x4516, 0x3d59, 0x4a6d)
ENCORE_MAP_DATA(0x4481, 0x4518, 0x3d5b, 0x4a6f)
ENCORE_MAP_DATA(0x4483, 0x451a, 0x3d5d, 0x4a71)
ENCORE_MAP_DATA(0x4485, 0x451c, 0x3d5f, 0x4a73)
ENCORE_MAP_DATA(0x4487, 0x451e, 0x3d61, 0x4a75)
ENCORE_MAP_DATA(0x44a1, 0x4538, 0x3d7b, 0x4a8f)
ENCORE_MAP_DATA(0x44a2, 0x4539, 0x3d7c, 0x4a90)
ENCORE_MAP_DATA(0x44a4, 0x453b, 0x3d7e, 0x4a92)
ENCORE_MAP_DATA(0x44a5, 0x453c, 0x3d7f, 0x4a93)
ENCORE_MAP_DATA(0x44a6, 0x453d, 0x3d80, 0x4a94)
ENCORE_MAP_DATA(0x44a8, 0x453f, 0x3d82, 0x4a96)
ENCORE_MAP_DATA(0x45e6, 0x467d, 0x3ec0, 0x4bd4)
ENCORE_MAP_DATA(0x4600, 0x4690, 0x3ee0, 0x4bf0)
ENCORE_MAP_DATA(0x4a00, 0x4a90, 0x42e0, 0x4ff0)
ENCORE_MAP_DATA(0x4c04, 0x4c04, 0x4c04, 0x4c04)
ENCORE_MAP_DATA(0x5318, 0x4b12, 0x45a1, 0x5abf)
ENCORE_MAP_DATA(0x5357, 0x4b51, 0x45e0, 0x5afe)
ENCORE_MAP_DATA(0x67e0, 0x6870, 0x60c0, 0x6dd0)
ENCORE_MAP_DATA(0x67e2, 0x6872, 0x60c2, 0x6dd2)
ENCORE_MAP_DATA(0x6890, 0x6920, 0x6170, 0x6e80)
ENCORE_MAP_DATA(0x6892, 0x6922, 0x6172, 0x6e82)
ENCORE_MAP_DATA(0x6894, 0x6924, 0x6174, 0x6e84)
ENCORE_MAP_DATA(0x6896, 0x6926, 0x6176, 0x6e86)
ENCORE_MAP_DATA(0x6898, 0x6928, 0x6178, 0x6e88)
ENCORE_MAP_DATA(0x689a, 0x692a, 0x617a, 0x6e8a)
ENCORE_MAP_DATA(0x689c, 0x692c, 0x617c, 0x6e8c)
ENCORE_MAP_DATA(0x689e, 0x692e, 0x617e, 0x6e8e)
ENCORE_MAP_DATA(0x68a0, 0x6930, 0x6180, 0x6e90)
ENCORE_MAP_DATA(0x68a2, 0x6932, 0x6182, 0x6e92)
ENCORE_MAP_DATA(0x68a4, 0x6934, 0x6184, 0x6e94)
ENCORE_MAP_DATA(0x68a6, 0x6936, 0x6186, 0x6e96)
ENCORE_MAP_DATA(0x68a8, 0x6938, 0x6188, 0x6e98)
ENCORE_MAP_DATA(0x68aa, 0x693a, 0x618a, 0x6e9a)
ENCORE_MAP_DATA(0x68ac, 0x693c, 0x618c, 0x6e9c)
ENCORE_MAP_DATA(0x68ae, 0x693e, 0x618e, 0x6e9e)
ENCORE_MAP_CODE_DATA(0x0361, 0x0279, 0x0242, 0x031a)
ENCORE_MAP_CODE_DATA(0x047a, 0x0344, 0x030d, 0x03e5)
ENCORE_MAP_CODE_DATA(0x047c, 0x0346, 0x030f, 0x03e7)
ENCORE_MAP_CODE_DATA(0x047d, 0x0347, 0x0310, 0x03e8)
ENCORE_MAP_CODE_DATA(0x0605, 0x04cf, 0x0498, 0x0570)
ENCORE_MAP_CODE_DATA(0x0607, 0x04d1, 0x049a, 0x0572)
ENCORE_MAP_CODE_DATA(0x071a, 0x05ea, 0x05ad, 0x068b)
ENCORE_MAP_CODE_DATA(0x0732, 0x063a, 0x05c5, 0x06a3)
ENCORE_MAP_CODE_DATA(0x0733, 0x063b, 0x05c6, 0x06a4)
ENCORE_MAP_CODE_DATA(0x089d, 0x07e0, 0x0762, 0x089f)
ENCORE_MAP_CODE_DATA(0x09b6, 0x0939, 0x08c4, 0x08a3)
ENCORE_MAP_CODE_DATA(0x3195, 0x2994, 0x2423, 0x3941)
ENCORE_MAP_CODE_DATA(0x336d, 0x2b6c, 0x25fb, 0x3b19)
ENCORE_MAP_CODE_DATA(0x3475, 0x2c74, 0x2703, 0x3c21)
ENCORE_MAP_CODE_DATA(0x3476, 0x2c75, 0x2704, 0x3c22)
ENCORE_MAP_CODE_DATA(0x3477, 0x2c76, 0x2705, 0x3c23)
ENCORE_MAP_CODE_DATA(0x3732, 0x2f31, 0x29c0, 0x3ede)
ENCORE_MAP_CODE_DATA(0x3a10, 0x320f, 0x2c9e, 0x41bc)
ENCORE_MAP_CODE_DATA(0x3e03, 0x3602, 0x3091, 0x45af)
ENCORE_MAP_CODE_DATA(0x3e05, 0x3604, 0x3093, 0x45b1)
ENCORE_MAP_CODE_DATA(0x3e07, 0x3606, 0x3095, 0x45b3)
ENCORE_MAP_CODE_DATA(0x3e09, 0x3608, 0x3097, 0x45b5)
ENCORE_MAP_CODE_DATA(0x3f89, 0x3788, 0x3217, 0x4735)
ENCORE_MAP_CODE_DATA(0x444a, 0x3c49, 0x36d8, 0x4bf6)
ENCORE_MAP_CODE_DATA(0x444b, 0x3c4a, 0x36d9, 0x4bf7)
ENCORE_MAP_CODE_DATA(0x4f23, 0x4722, 0x41b1, 0x56cf)
ENCORE_MAP_CODE_DATA(0x69a4, 0x619e, 0x5c2d, 0x714b)
ENCORE_MAP_CODE_DATA(0x69a6, 0x61a0, 0x5c2f, 0x714d)
ENCORE_MAP_CODE_DATA(0x69a8, 0x61a2, 0x5c31, 0x714f)
ENCORE_MAP_CODE_DATA(0x6f97, 0x6791, 0x6220, 0x7732)
ENCORE_MAP_CODE_DATA(0x6faf, 0x67a9, 0x6238, 0x774a)
ENCORE_MAP_CODE_DATA(0x6fb0, 0x67aa, 0x6239, 0x774b)
ENCORE_MAP_CODE_DATA(0x6fb1, 0x67ab, 0x623a, 0x774c)
ENCORE_MAP_CODE_DATA(0x6fb3, 0x67ad, 0x623c, 0x774e)
ENCORE_MAP_CODE_DATA(0x87da, 0x7fca, 0x7a5a, 0x8f6a)
ENCORE_MAP_CODE_DATA(0x9597, 0x8d87, 0x8817, 0x9d27)
ENCORE_MAP_CODE_DATA(0x9598, 0x8d88, 0x8818, 0x9d28)
ENCORE_MAP_CODE_DATA(0x959a, 0x8d8a, 0x881a, 0x9d2a)
ENCORE_MAP_CODE_DATA(0x959c, 0x8d8c, 0x881c, 0x9d2c)
ENCORE_MAP_CODE_DATA(0x959e, 0x8d8e, 0x881e, 0x9d2e)
ENCORE_MAP_CODE_DATA(0x95a0, 0x8d90, 0x8820, 0x9d30)
ENCORE_MAP_CODE_DATA(0x95a2, 0x8d92, 0x8822, 0x9d32)
ENCORE_MAP_CODE_DATA(0x95a4, 0x8d94, 0x8824, 0x9d34)
ENCORE_MAP_CODE_DATA(0x95a6, 0x8d96, 0x8826, 0x9d36)
ENCORE_MAP_CODE_DATA(0x95a8, 0x8d98, 0x8828, 0x9d38)
ENCORE_MAP_CODE_DATA(0x95aa, 0x8d9a, 0x882a, 0x9d3a)
ENCORE_MAP_CODE_DATA(0x95ac, 0x8d9c, 0x882c, 0x9d3c)
ENCORE_MAP_CODE_DATA(0x95ae, 0x8d9e, 0x882e, 0x9d3e)
ENCORE_MAP_CODE_DATA(0xa260, 0x9a50, 0x94e0, 0xa9f0)
ENCORE_MAP_CODE_DATA(0xa261, 0x9a51, 0x94e1, 0xa9f1)
ENCORE_MAP_VALUE(0x0100, 0x0100, 0x0100, 0x0100)
ENCORE_MAP_VALUE(0x0101, 0xffff, 0x0067, 0xffff)
ENCORE_MAP_VALUE(0x0103, 0x0103, 0x0103, 0x0103)
ENCORE_MAP_VALUE(0x0108, 0x0102, 0x0102, 0x0102)
ENCORE_MAP_VALUE(0x010c, 0xffff, 0x06cb, 0x0275)
ENCORE_MAP_VALUE(0x0118, 0x00db, 0x00e3, 0x00cc)
ENCORE_MAP_VALUE(0x011a, 0x011d, 0x011c, 0x0118)
ENCORE_MAP_VALUE(0x011e, 0x011e, 0x011e, 0x011e)
ENCORE_MAP_VALUE(0x0124, 0xffff, 0x016d, 0x028d)
ENCORE_MAP_VALUE(0x0129, 0x012c, 0x012b, 0x0127)
ENCORE_MAP_VALUE(0x012c, 0x012c, 0x012c, 0x012c)
ENCORE_MAP_VALUE(0x0136, 0xffff, 0x00e9, 0xffff)
ENCORE_MAP_VALUE(0x013d, 0x013d, 0x013d, 0x013d)
ENCORE_MAP_VALUE(0x0140, 0x0140, 0x0140, 0x0140)
ENCORE_MAP_VALUE(0x0141, 0x0141, 0x0141, 0x0141)
ENCORE_MAP_VALUE(0x0150, 0x0150, 0x0150, 0x0150)
ENCORE_MAP_VALUE(0x0157, 0x0157, 0x0157, 0x0157)
ENCORE_MAP_VALUE(0x0158, 0x0158, 0x0158, 0x0158)
ENCORE_MAP_VALUE(0x0160, 0x099a, 0x01df, 0x08a8)
ENCORE_MAP_VALUE(0x0162, 0x0162, 0x0162, 0x0162)
ENCORE_MAP_VALUE(0x016c, 0x09e2, 0xffff, 0xffff)
ENCORE_MAP_VALUE(0x0171, 0x0171, 0x0171, 0x0171)
ENCORE_MAP_VALUE(0x0178, 0x09a6, 0xffff, 0xffff)
ENCORE_MAP_VALUE(0x017c, 0x017c, 0x017c, 0x017c)
ENCORE_MAP_VALUE(0x019c, 0xffff, 0xffff, 0x018a)
ENCORE_MAP_VALUE(0x019e, 0x019e, 0x019e, 0x019e)
ENCORE_MAP_VALUE(0x01a8, 0xffff, 0xffff, 0x014e)
ENCORE_MAP_VALUE(0x01b0, 0x01b0, 0x01b0, 0x01b0)
ENCORE_MAP_VALUE(0x01c0, 0x09b2, 0xffff, 0x01a2)
ENCORE_MAP_VALUE(0x01cc, 0x09ca, 0xffff, 0x00fa)
ENCORE_MAP_VALUE(0x01d1, 0x01d1, 0x01d1, 0x01d1)
ENCORE_MAP_VALUE(0x01d7, 0x01d7, 0x01d7, 0x01d7)
ENCORE_MAP_VALUE(0x01e0, 0x0014, 0xffff, 0x0002)
ENCORE_MAP_VALUE(0x01fd, 0x095e, 0x0855, 0xffff)
ENCORE_MAP_VALUE(0x0200, 0x0200, 0x0200, 0x0200)
ENCORE_MAP_VALUE(0x0212, 0x0212, 0x0212, 0x020d)
ENCORE_MAP_VALUE(0x021a, 0x00b3, 0x0263, 0x0d02)
ENCORE_MAP_VALUE(0x0229, 0x0229, 0x0229, 0x0229)
ENCORE_MAP_VALUE(0x023a, 0x023a, 0x023a, 0x023a)
ENCORE_MAP_VALUE(0x023f, 0x023f, 0x023f, 0x023f)
ENCORE_MAP_VALUE(0x0240, 0x0240, 0x0240, 0x0240)
ENCORE_MAP_VALUE(0x0250, 0x0250, 0x0250, 0x0250)
ENCORE_MAP_VALUE(0x0284, 0x0284, 0x0284, 0x0284)
ENCORE_MAP_VALUE(0x02a0, 0x02a0, 0x02a0, 0x02a0)
ENCORE_MAP_VALUE(0x02a9, 0x02a9, 0x02a9, 0x02a9)
ENCORE_MAP_VALUE(0x02ce, 0x02ce, 0x02ce, 0x02ce)
ENCORE_MAP_VALUE(0x02d0, 0x02d0, 0x0078, 0x02d0)
ENCORE_MAP_VALUE(0x02e2, 0x02e2, 0x02e2, 0x02e2)
ENCORE_MAP_VALUE(0x02f1, 0x01f1, 0x01d2, 0xffff)
ENCORE_MAP_VALUE(0x0300, 0x0300, 0x0300, 0x0300)
ENCORE_MAP_VALUE(0x0302, 0x0302, 0x0302, 0x0302)
ENCORE_MAP_VALUE(0x031e, 0x031e, 0x031e, 0x031e)
ENCORE_MAP_VALUE(0x0348, 0x0348, 0x0348, 0x0348)
ENCORE_MAP_VALUE(0x0357, 0x0357, 0x0357, 0x0357)
ENCORE_MAP_VALUE(0x0363, 0x027b, 0x0244, 0x031c)
ENCORE_MAP_VALUE(0x037c, 0x037c, 0x037c, 0x037c)
ENCORE_MAP_VALUE(0x03b0, 0x03b0, 0x03b0, 0x03b0)
ENCORE_MAP_VALUE(0x03c2, 0x03c2, 0x03c2, 0x03c2)
ENCORE_MAP_VALUE(0x03c4, 0x03c4, 0x03c4, 0x03c4)
ENCORE_MAP_VALUE(0x03c5, 0x03c5, 0x03c5, 0x03c5)
ENCORE_MAP_VALUE(0x03c7, 0x03c7, 0x03c7, 0x03c7)
ENCORE_MAP_VALUE(0x03c8, 0x03c8, 0x03c8, 0x03c8)
ENCORE_MAP_VALUE(0x03c9, 0x03c9, 0x03c9, 0x03c9)
ENCORE_MAP_VALUE(0x03cc, 0x03cc, 0x03cc, 0x03cc)
ENCORE_MAP_VALUE(0x03ce, 0x03ce, 0x03ce, 0x03ce)
ENCORE_MAP_VALUE(0x03d4, 0x03d4, 0x03d4, 0x03d4)
ENCORE_MAP_VALUE(0x03d5, 0x03d5, 0x03d5, 0x03d5)
ENCORE_MAP_VALUE(0x03d7, 0x03d7, 0x03d7, 0x03d7)
ENCORE_MAP_VALUE(0x03f2, 0x03f2, 0x03f2, 0x03f2)
ENCORE_MAP_VALUE(0x03ff, 0x03ff, 0x03ff, 0x03ff)
ENCORE_MAP_VALUE(0x0400, 0x0400, 0x0400, 0x0400)
ENCORE_MAP_VALUE(0x0406, 0x0406, 0x0406, 0x0406)
ENCORE_MAP_VALUE(0x0429, 0x0429, 0x0429, 0x0429)
ENCORE_MAP_VALUE(0x0450, 0x0450, 0x0450, 0x0450)
ENCORE_MAP_VALUE(0x0480, 0x0480, 0x0480, 0x0480)
ENCORE_MAP_VALUE(0x0484, 0x0484, 0x0484, 0x0484)
ENCORE_MAP_VALUE(0x0488, 0x0488, 0x0488, 0x0488)
ENCORE_MAP_VALUE(0x0498, 0x0498, 0x0498, 0x0498)
ENCORE_MAP_VALUE(0x049e, 0x0368, 0x0331, 0x0409)
ENCORE_MAP_VALUE(0x04a9, 0x04a9, 0x04a9, 0x04a9)
ENCORE_MAP_VALUE(0x04e2, 0x04e2, 0x04e2, 0x04e2)
ENCORE_MAP_VALUE(0x051e, 0x051e, 0x051e, 0x051e)
ENCORE_MAP_VALUE(0x0528, 0x0528, 0x0528, 0x0528)
ENCORE_MAP_VALUE(0x0540, 0x0540, 0x0540, 0x0540)
ENCORE_MAP_VALUE(0x0557, 0x0557, 0x0557, 0x0557)
ENCORE_MAP_VALUE(0x057c, 0x057c, 0x057c, 0x057c)
ENCORE_MAP_VALUE(0x0580, 0x0580, 0x0580, 0x0580)
ENCORE_MAP_VALUE(0x05ad, 0x0477, 0x0440, 0x0518)
ENCORE_MAP_VALUE(0x05b0, 0x05b0, 0x05b0, 0x05b0)
ENCORE_MAP_VALUE(0x05d7, 0x05d7, 0x05d7, 0x05d7)
ENCORE_MAP_VALUE(0x0600, 0x0600, 0x0600, 0x0600)
ENCORE_MAP_VALUE(0x0609, 0x04d3, 0x049c, 0x0574)
ENCORE_MAP_VALUE(0x0629, 0x0629, 0x0629, 0x0629)
ENCORE_MAP_VALUE(0x0650, 0x0650, 0x0650, 0x0650)
ENCORE_MAP_VALUE(0x0684, 0x0684, 0x0684, 0x0684)
ENCORE_MAP_VALUE(0x06a9, 0x06a9, 0x06a9, 0x06a9)
ENCORE_MAP_VALUE(0x06c0, 0x0590, 0x0553, 0x0631)
ENCORE_MAP_VALUE(0x06d4, 0x00a8, 0x00dc, 0x0078)
ENCORE_MAP_VALUE(0x06e2, 0x06e2, 0x06e2, 0x06e2)
ENCORE_MAP_VALUE(0x071e, 0x071e, 0x071e, 0x071e)
ENCORE_MAP_VALUE(0x0757, 0x0757, 0x0757, 0x0757)
ENCORE_MAP_VALUE(0x077c, 0x077c, 0x077c, 0x077c)
ENCORE_MAP_VALUE(0x07a6, 0x06b7, 0x0639, 0x0720)
ENCORE_MAP_VALUE(0x07b0, 0x07b0, 0x07b0, 0x07b0)
ENCORE_MAP_VALUE(0x07d1, 0xffff, 0x06c9, 0xffff)
ENCORE_MAP_VALUE(0x07d7, 0x07d7, 0x07d7, 0x07d7)
ENCORE_MAP_VALUE(0x07e0, 0x07e0, 0x07e0, 0x07e0)
ENCORE_MAP_VALUE(0x07ed, 0x05ca, 0x063d, 0xffff)
ENCORE_MAP_VALUE(0x07fa, 0x0743, 0x0001, 0x07f4)
ENCORE_MAP_VALUE(0x07ff, 0x07ff, 0x07ff, 0x07ff)
ENCORE_MAP_VALUE(0x0800, 0x0800, 0x0800, 0x0800)
ENCORE_MAP_VALUE(0x0801, 0x0801, 0x0801, 0x0801)
ENCORE_MAP_VALUE(0x0879, 0x0393, 0xffff, 0xffff)
ENCORE_MAP_VALUE(0x089f, 0x07e4, 0x0764, 0x08a4)
ENCORE_MAP_VALUE(0x0900, 0x0900, 0x0900, 0x0900)
ENCORE_MAP_VALUE(0x0a00, 0x0a00, 0x0a00, 0x0a00)
ENCORE_MAP_VALUE(0x0a1b, 0x0a1b, 0x0a1b, 0x0a1b)
ENCORE_MAP_VALUE(0x0ad4, 0x0ad4, 0x0ad4, 0x0ad4)
ENCORE_MAP_VALUE(0x0ae3, 0xffff, 0x091e, 0xffff)
ENCORE_MAP_VALUE(0x0b24, 0x0b24, 0x0b24, 0x0b24)
ENCORE_MAP_VALUE(0x0b28, 0x0b28, 0x0b28, 0x0b28)
ENCORE_MAP_VALUE(0x0b73, 0x0aaa, 0x0a2d, 0x0b74)
ENCORE_MAP_VALUE(0x0b8c, 0xffff, 0x03f6, 0xffff)
ENCORE_MAP_VALUE(0x0bb7, 0x0adf, 0x0a62, 0x0ba6)
ENCORE_MAP_VALUE(0x0c0f, 0x0b8e, 0x0b37, 0x0c88)
ENCORE_MAP_VALUE(0x0c6c, 0x0a3e, 0x08ad, 0x08ec)
ENCORE_MAP_VALUE(0x0c6f, 0x0a41, 0xffff, 0xffff)
ENCORE_MAP_VALUE(0x0c72, 0x0a44, 0xffff, 0xffff)
ENCORE_MAP_VALUE(0x0c7b, 0xffff, 0x08b3, 0x08fe)
ENCORE_MAP_VALUE(0x0c7e, 0x0a50, 0x08d5, 0x0901)
ENCORE_MAP_VALUE(0x0c81, 0x0a53, 0x08d8, 0x0904)
ENCORE_MAP_VALUE(0x0c87, 0x0a41, 0x08de, 0x08ef)
ENCORE_MAP_VALUE(0x0c90, 0x0a62, 0x08c3, 0x0910)
ENCORE_MAP_VALUE(0x0c93, 0x0a65, 0x08c6, 0x090d)
ENCORE_MAP_VALUE(0x0ca4, 0x0bcc, 0x0b31, 0xffff)
ENCORE_MAP_VALUE(0x0cca, 0x0bf2, 0x0b57, 0x0c6f)
ENCORE_MAP_VALUE(0x0cf0, 0x0c18, 0x0b7d, 0x0c95)
ENCORE_MAP_VALUE(0x0cf3, 0x0aad, 0x0924, 0x096a)
ENCORE_MAP_VALUE(0x0d1b, 0x0adf, 0x094c, 0x099c)
ENCORE_MAP_VALUE(0x0d71, 0x0b51, 0x09a2, 0x0a00)
ENCORE_MAP_VALUE(0x0d84, 0x0d84, 0x0d84, 0x0d84)
ENCORE_MAP_VALUE(0x0d9b, 0x0b91, 0x09e0, 0x0a5e)
ENCORE_MAP_VALUE(0x0e29, 0x0c29, 0x0a78, 0x0b14)
ENCORE_MAP_VALUE(0x0ea3, 0x0c53, 0x0aca, 0x0bac)
ENCORE_MAP_VALUE(0x0ec3, 0x0c53, 0x0ad6, 0x0bcc)
ENCORE_MAP_VALUE(0x0ec5, 0x0c55, 0x0ad8, 0x0c1e)
ENCORE_MAP_VALUE(0x0f02, 0x0f02, 0x0f02, 0x0f02)
ENCORE_MAP_VALUE(0x0f17, 0x0c97, 0x0b2a, 0x0c70)
ENCORE_MAP_VALUE(0x0f41, 0x0cb9, 0x0b54, 0x0f1a)
ENCORE_MAP_VALUE(0x1002, 0x1002, 0x1002, 0x1002)
ENCORE_MAP_VALUE(0x1079, 0x0dd3, 0x0c0a, 0x0fda)
ENCORE_MAP_VALUE(0x1116, 0x1116, 0x1116, 0x1116)
ENCORE_MAP_VALUE(0x119f, 0x1263, 0xffff, 0xffff)
ENCORE_MAP_VALUE(0x1212, 0x1212, 0x1212, 0x1212)
ENCORE_MAP_VALUE(0x1217, 0xffff, 0x11e7, 0xffff)
ENCORE_MAP_VALUE(0x12b7, 0x0fd6, 0x0d85, 0x11ca)
ENCORE_MAP_VALUE(0x132d, 0x1062, 0x0dd7, 0x1228)
ENCORE_MAP_VALUE(0x13cd, 0x1102, 0x0e30, 0x1771)
ENCORE_MAP_VALUE(0x13ec, 0x13ec, 0x13ec, 0x13ec)
ENCORE_MAP_VALUE(0x13f7, 0x1138, 0x0e5e, 0x17a9)
ENCORE_MAP_VALUE(0x148d, 0x12a4, 0xffff, 0xffff)
ENCORE_MAP_VALUE(0x14b9, 0x12b0, 0x0eac, 0x1c1d)
ENCORE_MAP_VALUE(0x16ea, 0x16ea, 0x16ea, 0x16ea)
ENCORE_MAP_VALUE(0x1790, 0x157e, 0x1738, 0x203e)
ENCORE_MAP_VALUE(0x17a8, 0x1596, 0x1752, 0x205c)
ENCORE_MAP_VALUE(0x17b6, 0x15a8, 0x1766, 0x2074)
ENCORE_MAP_VALUE(0x17b8, 0x15aa, 0x1768, 0x2076)
ENCORE_MAP_VALUE(0x17c4, 0x15ba, 0x177a, 0x208a)
ENCORE_MAP_VALUE(0x18ea, 0x1618, 0x17de, 0x20ee)
ENCORE_MAP_VALUE(0x19b5, 0x18cf, 0x1896, 0x164d)
ENCORE_MAP_VALUE(0x19d4, 0x1702, 0x18de, 0x21ee)
ENCORE_MAP_VALUE(0x1acc, 0x17fa, 0x19dc, 0x22fc)
ENCORE_MAP_VALUE(0x1adc, 0x180a, 0x19ee, 0x230e)
ENCORE_MAP_VALUE(0x1aea, 0x1818, 0x19fe, 0x231e)
ENCORE_MAP_VALUE(0x1bf0, 0xffff, 0x1a0a, 0x2368)
ENCORE_MAP_VALUE(0x1c14, 0x1d3f, 0x1a2c, 0x23a8)
ENCORE_MAP_VALUE(0x1c16, 0x1d41, 0x1a2e, 0x23aa)
ENCORE_MAP_VALUE(0x1c28, 0x1d53, 0x1a40, 0x23bc)
ENCORE_MAP_VALUE(0x1c3a, 0x1d65, 0x1a52, 0x23ce)
ENCORE_MAP_VALUE(0x1c3c, 0x1d67, 0x1a54, 0x23d0)
ENCORE_MAP_VALUE(0x2056, 0x1f6f, 0x418c, 0x1d8f)
ENCORE_MAP_VALUE(0x2065, 0x2065, 0x2065, 0x2065)
ENCORE_MAP_VALUE(0x2073, 0x2073, 0x2073, 0x2073)
ENCORE_MAP_VALUE(0x2074, 0x2074, 0x2074, 0x2074)
ENCORE_MAP_VALUE(0x2111, 0xffff, 0xffff, 0x1630)
ENCORE_MAP_VALUE(0x2137, 0xffff, 0xffff, 0x15c7)
ENCORE_MAP_VALUE(0x218f, 0x1a81, 0xffff, 0xffff)
ENCORE_MAP_VALUE(0x2246, 0x1b38, 0x001e, 0xffff)
ENCORE_MAP_VALUE(0x2281, 0x2090, 0x1d41, 0x26ec)
ENCORE_MAP_VALUE(0x2291, 0x20a0, 0x1d51, 0x26ff)
ENCORE_MAP_VALUE(0x22a1, 0x20b0, 0x1d61, 0x270f)
ENCORE_MAP_VALUE(0x22a6, 0x20b5, 0x1d66, 0x2714)
ENCORE_MAP_VALUE(0x22bb, 0x20ca, 0x1d7b, 0x2745)
ENCORE_MAP_VALUE(0x22c5, 0x20d4, 0x1d85, 0x274f)
ENCORE_MAP_VALUE(0x22f6, 0x2105, 0x1db6, 0x2780)
ENCORE_MAP_VALUE(0x231b, 0x212b, 0x1ddd, 0x27a7)
ENCORE_MAP_VALUE(0x23f0, 0x23f0, 0x23f0, 0x23f0)
ENCORE_MAP_VALUE(0x2420, 0x2420, 0x2420, 0x2420)
ENCORE_MAP_VALUE(0x242e, 0x242e, 0x242e, 0x242e)
ENCORE_MAP_VALUE(0x248a, 0x229a, 0x1f4c, 0x2916)
ENCORE_MAP_VALUE(0x2510, 0x2510, 0x2510, 0x2510)
ENCORE_MAP_VALUE(0x25c2, 0x11d1, 0xffff, 0xffff)
ENCORE_MAP_VALUE(0x2a2a, 0x2a2a, 0x2a2a, 0x2a2a)
ENCORE_MAP_VALUE(0x2c75, 0x25aa, 0x204c, 0x3368)
ENCORE_MAP_VALUE(0x2f2c, 0x2d3c, 0x29ee, 0x33b8)
ENCORE_MAP_VALUE(0x2f40, 0x2f40, 0x2f40, 0x2f40)
ENCORE_MAP_VALUE(0x2f94, 0x2cd8, 0x1f0f, 0x287b)
ENCORE_MAP_VALUE(0x3030, 0x282f, 0x22be, 0x37dc)
ENCORE_MAP_VALUE(0x3039, 0x3039, 0x3039, 0x3039)
ENCORE_MAP_VALUE(0x305a, 0x2859, 0x22e8, 0x3806)
ENCORE_MAP_VALUE(0x331b, 0x331f, 0x2be9, 0x386f)
ENCORE_MAP_VALUE(0x333e, 0x2b3d, 0x25cc, 0x3aea)
ENCORE_MAP_VALUE(0x336e, 0x2b6d, 0x25fc, 0x3b1a)
ENCORE_MAP_VALUE(0x337f, 0x3347, 0x2c11, 0x3897)
ENCORE_MAP_VALUE(0x3389, 0x2b88, 0x2617, 0x3b35)
ENCORE_MAP_VALUE(0x3399, 0x3361, 0x2c2b, 0x38b1)
ENCORE_MAP_VALUE(0x33a4, 0x336c, 0x2c36, 0x38bc)
ENCORE_MAP_VALUE(0x33a5, 0x336d, 0x2c37, 0x38bd)
ENCORE_MAP_VALUE(0x33b3, 0x337b, 0x2c45, 0x38cb)
ENCORE_MAP_VALUE(0x33bf, 0x3387, 0x2c51, 0x38d7)
ENCORE_MAP_VALUE(0x33d6, 0x2bd5, 0x2664, 0x3b82)
ENCORE_MAP_VALUE(0x33ed, 0x33b5, 0x2c7f, 0x3905)
ENCORE_MAP_VALUE(0x33fd, 0x33c5, 0x2c8f, 0x3915)
ENCORE_MAP_VALUE(0x353b, 0x2d3a, 0x27c9, 0x3ce7)
ENCORE_MAP_VALUE(0x353e, 0x3506, 0x2dd0, 0x3a56)
ENCORE_MAP_VALUE(0x3555, 0x351d, 0x2de7, 0x3a6d)
ENCORE_MAP_VALUE(0x358c, 0x32d0, 0x2507, 0x2e73)
ENCORE_MAP_VALUE(0x3591, 0x361d, 0x2e5f, 0x3b6d)
ENCORE_MAP_VALUE(0x35ca, 0x3661, 0x2e86, 0x3b9a)
ENCORE_MAP_VALUE(0x35cc, 0x3661, 0x2e86, 0x3b9a)
ENCORE_MAP_VALUE(0x35ce, 0x3663, 0x2e88, 0x3b9c)
ENCORE_MAP_VALUE(0x35d0, 0x3665, 0x2e8a, 0xffff)
ENCORE_MAP_VALUE(0x35d2, 0x3667, 0x2e8c, 0x3b9e)
ENCORE_MAP_VALUE(0x35d4, 0x3669, 0x2e8e, 0x3ba0)
ENCORE_MAP_VALUE(0x35d6, 0xffff, 0x2e90, 0xffff)
ENCORE_MAP_VALUE(0x35d8, 0x366b, 0x2e9c, 0xffff)
ENCORE_MAP_VALUE(0x35da, 0x366d, 0xffff, 0xffff)
ENCORE_MAP_VALUE(0x35dc, 0x3677, 0xffff, 0xffff)
ENCORE_MAP_VALUE(0x35ea, 0xffff, 0xffff, 0x3ba2)
ENCORE_MAP_VALUE(0x35ec, 0x3679, 0xffff, 0x3ba4)
ENCORE_MAP_VALUE(0x35f6, 0x367d, 0xffff, 0x3bb4)
ENCORE_MAP_VALUE(0x35f8, 0xffff, 0xffff, 0x3bb6)
ENCORE_MAP_VALUE(0x35fa, 0x367f, 0x2ea0, 0xffff)
ENCORE_MAP_VALUE(0x35fc, 0x3681, 0x2ea2, 0x3bc4)
ENCORE_MAP_VALUE(0x35fe, 0x3683, 0x2ea4, 0xffff)
ENCORE_MAP_VALUE(0x3610, 0xffff, 0xffff, 0x3bce)
ENCORE_MAP_VALUE(0x3616, 0x368d, 0x2ea6, 0x3bd6)
ENCORE_MAP_VALUE(0x3618, 0x368f, 0x2ea8, 0x3bd8)
ENCORE_MAP_VALUE(0x362e, 0x36c5, 0x2eea, 0x3bfe)
ENCORE_MAP_VALUE(0x3654, 0x36eb, 0x2f10, 0x3c24)
ENCORE_MAP_VALUE(0x36f3, 0x378a, 0x2faf, 0x3cc3)
ENCORE_MAP_VALUE(0x371c, 0x37b3, 0x2fd8, 0x3cec)
ENCORE_MAP_VALUE(0x372f, 0x37c6, 0x2feb, 0x3cff)
ENCORE_MAP_VALUE(0x373d, 0x37d4, 0x2ff9, 0x3d0d)
ENCORE_MAP_VALUE(0x38fd, 0x30fc, 0x2b8b, 0x40a9)
ENCORE_MAP_VALUE(0x393e, 0x313d, 0x2bcc, 0x40ea)
ENCORE_MAP_VALUE(0x397c, 0x317b, 0x2c0a, 0x4128)
ENCORE_MAP_VALUE(0x39bd, 0x31bc, 0x2c4b, 0x4169)
ENCORE_MAP_VALUE(0x3a4a, 0x3249, 0x2cd8, 0x41f6)
ENCORE_MAP_VALUE(0x3a6a, 0x3269, 0x2cf8, 0x4216)
ENCORE_MAP_VALUE(0x3b74, 0x38b8, 0x2aef, 0x345b)
ENCORE_MAP_VALUE(0x3d02, 0x3d02, 0x3d02, 0x3d02)
ENCORE_MAP_VALUE(0x3d35, 0x3534, 0x2fc3, 0x44e1)
ENCORE_MAP_VALUE(0x3e00, 0x3e00, 0x3e00, 0x3e00)
ENCORE_MAP_VALUE(0x3e07, 0x3e07, 0x3e07, 0x3e07)
ENCORE_MAP_VALUE(0x3e39, 0x3638, 0x30c7, 0x45e5)
ENCORE_MAP_VALUE(0x3f00, 0x3f00, 0x3f00, 0x3f00)
ENCORE_MAP_VALUE(0x4005, 0x4005, 0x4005, 0x4005)
ENCORE_MAP_VALUE(0x4105, 0x4105, 0x4105, 0x4105)
ENCORE_MAP_VALUE(0x4114, 0x3e58, 0x308f, 0x39fb)
ENCORE_MAP_VALUE(0x41c6, 0x39c5, 0x3454, 0x4972)
ENCORE_MAP_VALUE(0x439c, 0x4433, 0x3c58, 0x496c)
ENCORE_MAP_VALUE(0x43a4, 0x443b, 0x3c62, 0x4976)
ENCORE_MAP_VALUE(0x43ac, 0x4443, 0x3c6c, 0x4980)
ENCORE_MAP_VALUE(0x43b4, 0x444b, 0x3c76, 0x498a)
ENCORE_MAP_VALUE(0x43bc, 0x4453, 0x3c80, 0x4994)
ENCORE_MAP_VALUE(0x43c4, 0x445b, 0x3c8a, 0x499e)
ENCORE_MAP_VALUE(0x43cc, 0x4463, 0x3c94, 0x49a8)
ENCORE_MAP_VALUE(0x43d4, 0x446b, 0x3c9e, 0x49b2)
ENCORE_MAP_VALUE(0x43dc, 0x4473, 0x3ca8, 0x49bc)
ENCORE_MAP_VALUE(0x43e4, 0x447b, 0x3cb2, 0x49c6)
ENCORE_MAP_VALUE(0x43ec, 0x4483, 0x3cbc, 0x49d0)
ENCORE_MAP_VALUE(0x43f4, 0x448b, 0x3cc6, 0x49da)
ENCORE_MAP_VALUE(0x43fc, 0x4493, 0x3cd0, 0x49e4)
ENCORE_MAP_VALUE(0x4414, 0x44ab, 0x3cec, 0x4a00)
ENCORE_MAP_VALUE(0x4432, 0x44c9, 0x3d0c, 0x4a20)
ENCORE_MAP_VALUE(0x4447, 0x44de, 0x3d21, 0x4a35)
ENCORE_MAP_VALUE(0x445b, 0x44f2, 0x3d35, 0x4a49)
ENCORE_MAP_VALUE(0x4489, 0x4520, 0x3d63, 0x4a77)
ENCORE_MAP_VALUE(0x4495, 0x452c, 0x3d6f, 0x4a83)
ENCORE_MAP_VALUE(0x44d4, 0x456b, 0x3dae, 0x4ac2)
ENCORE_MAP_VALUE(0x456d, 0x3d6c, 0x37fb, 0x4d19)
ENCORE_MAP_VALUE(0x458e, 0x3d8d, 0x381c, 0x4d3a)
ENCORE_MAP_VALUE(0x45af, 0x3dae, 0x383d, 0x4d5b)
ENCORE_MAP_VALUE(0x45b6, 0x464d, 0x3e90, 0x4ba4)
ENCORE_MAP_VALUE(0x45d0, 0x3dcf, 0x385e, 0x4d7c)
ENCORE_MAP_VALUE(0x45da, 0x4671, 0x3eb4, 0x4bc8)
ENCORE_MAP_VALUE(0x4600, 0x4690, 0x3ee0, 0x4bf0)
ENCORE_MAP_VALUE(0x46b4, 0x43f8, 0x362f, 0x3f9b)
ENCORE_MAP_VALUE(0x47db, 0x3fda, 0x3a69, 0x4f87)
ENCORE_MAP_VALUE(0x48cc, 0x40cb, 0x3b5a, 0x5078)
ENCORE_MAP_VALUE(0x4922, 0x4121, 0x3bb0, 0x50ce)
ENCORE_MAP_VALUE(0x4b00, 0x4b00, 0x4b00, 0x4b00)
ENCORE_MAP_VALUE(0x4c01, 0x4c01, 0x4c01, 0x4c01)
ENCORE_MAP_VALUE(0x4c02, 0x4c02, 0x4c02, 0x4c02)
ENCORE_MAP_VALUE(0x4c04, 0x4c04, 0x4c04, 0x4c04)
ENCORE_MAP_VALUE(0x4c54, 0x4998, 0x3bcf, 0x453b)
ENCORE_MAP_VALUE(0x4d92, 0x4591, 0x4020, 0x553e)
ENCORE_MAP_VALUE(0x4dd1, 0x45d0, 0x405f, 0x557d)
ENCORE_MAP_VALUE(0x4e04, 0x4603, 0x4092, 0x55b0)
ENCORE_MAP_VALUE(0x4e42, 0x4641, 0x40d0, 0x55ee)
ENCORE_MAP_VALUE(0x4e82, 0x4681, 0x4110, 0x562e)
ENCORE_MAP_VALUE(0x4eb6, 0x4bfa, 0x3e31, 0x479d)
ENCORE_MAP_VALUE(0x4f59, 0x4758, 0x41e7, 0x5705)
ENCORE_MAP_VALUE(0x4fc2, 0x4df2, 0x3f2a, 0x479d)
ENCORE_MAP_VALUE(0x5224, 0x5054, 0x4c96, 0x4ba1)
ENCORE_MAP_VALUE(0x5259, 0x4a58, 0x44e7, 0x5a05)
ENCORE_MAP_VALUE(0x5285, 0x4a84, 0x4513, 0x5a31)
ENCORE_MAP_VALUE(0x5287, 0x4a86, 0x4515, 0x5a33)
ENCORE_MAP_VALUE(0x52cc, 0xffff, 0x455a, 0xffff)
ENCORE_MAP_VALUE(0x52cd, 0x4acc, 0x455b, 0x5a79)
ENCORE_MAP_VALUE(0x52e3, 0x4add, 0x456c, 0x5a8a)
ENCORE_MAP_VALUE(0x531c, 0x4b16, 0x45a5, 0x5ac3)
ENCORE_MAP_VALUE(0x535b, 0x4b55, 0x45e4, 0x5b02)
ENCORE_MAP_VALUE(0x55db, 0x4dd5, 0x4864, 0x5d82)
ENCORE_MAP_VALUE(0x5858, 0x5858, 0x5858, 0x5858)
ENCORE_MAP_VALUE(0x5947, 0x5820, 0x5221, 0x5480)
ENCORE_MAP_VALUE(0x5e00, 0x5e90, 0x56e0, 0x63f0)
ENCORE_MAP_VALUE(0x5e0d, 0x5607, 0x5096, 0x65b4)
ENCORE_MAP_VALUE(0x5e6a, 0x5664, 0x50f3, 0x6611)
ENCORE_MAP_VALUE(0x5e80, 0x5e80, 0x5e80, 0x5e80)
ENCORE_MAP_VALUE(0x6000, 0x6090, 0x58e0, 0x65f0)
ENCORE_MAP_VALUE(0x60f2, 0x6280, 0x7299, 0xe74f)
ENCORE_MAP_VALUE(0x617b, 0x5fe4, 0x5a4b, 0x5d87)
ENCORE_MAP_VALUE(0x61e9, 0x59e3, 0x5472, 0x6990)
ENCORE_MAP_VALUE(0x6200, 0x6290, 0x5ae0, 0x67f0)
ENCORE_MAP_VALUE(0x6325, 0x5b1f, 0x55ae, 0x6acc)
ENCORE_MAP_VALUE(0x6410, 0x64a0, 0x5cf0, 0x6a00)
ENCORE_MAP_VALUE(0x65d0, 0x6660, 0x5eb0, 0x6bc0)
ENCORE_MAP_VALUE(0x6710, 0x67a0, 0x5ff0, 0x6d00)
ENCORE_MAP_VALUE(0x67da, 0x5fd4, 0x5a63, 0x6f81)
ENCORE_MAP_VALUE(0x6898, 0x6928, 0x6178, 0x6e88)
ENCORE_MAP_VALUE(0x6940, 0x0a4a, 0xffff, 0x08fb)
ENCORE_MAP_VALUE(0x6950, 0x6940, 0x66d0, 0x7360)
ENCORE_MAP_VALUE(0x69c8, 0x69b8, 0x6748, 0x73d8)
ENCORE_MAP_VALUE(0x69fc, 0x61f6, 0x5c85, 0x71a3)
ENCORE_MAP_VALUE(0x6a9c, 0x6791, 0x632d, 0x66c2)
ENCORE_MAP_VALUE(0x6ca5, 0x649f, 0x5f2e, 0x744c)
ENCORE_MAP_VALUE(0x6d20, 0x6d20, 0x6d20, 0x6d20)
ENCORE_MAP_VALUE(0x6e9c, 0x6696, 0x6125, 0x7637)
ENCORE_MAP_VALUE(0x6fb5, 0x67af, 0x623e, 0x7750)
ENCORE_MAP_VALUE(0x7006, 0x7006, 0x7006, 0x7006)
ENCORE_MAP_VALUE(0x70a0, 0x6890, 0x6320, 0x7830)
ENCORE_MAP_VALUE(0x7194, 0x6d5d, 0x6a1f, 0x6e67)
ENCORE_MAP_VALUE(0x7734, 0x72fd, 0x6fbf, 0x7407)
ENCORE_MAP_VALUE(0x7c10, 0x7400, 0x6e90, 0x83a0)
ENCORE_MAP_VALUE(0x7cd4, 0x789d, 0x755f, 0x79a7)
ENCORE_MAP_VALUE(0x8000, 0x8000, 0x8000, 0x8000)
ENCORE_MAP_VALUE(0x8274, 0x7e3d, 0x7aff, 0x7f47)
ENCORE_MAP_VALUE(0x82e2, 0x7e48, 0x7b0d, 0x7f4f)
ENCORE_MAP_VALUE(0x9576, 0x8d66, 0x87f6, 0x9d06)
ENCORE_MAP_VALUE(0x9587, 0x8d77, 0x8807, 0x9d17)
ENCORE_MAP_VALUE(0x958b, 0x8d7b, 0x880b, 0x9d1b)
ENCORE_MAP_VALUE(0x958f, 0x8d7f, 0x880f, 0x9d1f)
ENCORE_MAP_VALUE(0x9593, 0x8d83, 0x8813, 0x9d23)
ENCORE_MAP_VALUE(0xa000, 0xa000, 0xa000, 0xa000)
ENCORE_MAP_VALUE(0xba07, 0xba07, 0xba07, 0xba07)
ENCORE_MAP_VALUE(0xc190, 0xc190, 0xc190, 0xc190)
ENCORE_MAP_VALUE(0xc350, 0xc350, 0xc350, 0xc350)
ENCORE_MAP_VALUE(0xc7d4, 0xc7d4, 0xc7d4, 0xc7d4)
ENCORE_MAP_VALUE(0xcccc, 0xcccc, 0xcccc, 0xcccc)
ENCORE_MAP_VALUE(0xd4af, 0xd4af, 0xd4af, 0xd4af)
ENCORE_MAP_VALUE(0xd4f4, 0xd4f4, 0xd4f4, 0xd4f4)
ENCORE_MAP_VALUE(0xf63c, 0x0320, 0x0000, 0x0682)
ENCORE_MAP_VALUE(0xf6d4, 0xf6d4, 0xf6d4, 0xf6d4)
ENCORE_MAP_VALUE(0xf77c, 0xf77c, 0xf77c, 0xf77c)
ENCORE_MAP_VALUE(0xf8cc, 0xf8cc, 0xf8cc, 0xf8cc)
ENCORE_MAP_VALUE(0xfac4, 0xfac4, 0xfac4, 0xfac4)
ENCORE_MAP_VALUE(0xfb96, 0xfb96, 0xfb96, 0xfb96)
ENCORE_MAP_VALUE(0xfc00, 0xfc00, 0xfc00, 0xfc00)
ENCORE_MAP_VALUE(0xfc01, 0xfc01, 0xfc01, 0xfc01)
ENCORE_MAP_VALUE(0xfcbc, 0xfcbc, 0xfcbc, 0xfcbc)
ENCORE_MAP_VALUE(0xfefe, 0xfefe, 0xfefe, 0xfefe)
ENCORE_MAP_VALUE(0xff08, 0xff08, 0xff08, 0xff08)
ENCORE_MAP_VALUE(0xff12, 0xff12, 0xff12, 0xff12)
ENCORE_MAP_VALUE(0xff15, 0xff15, 0xff15, 0xff15)
ENCORE_MAP_VALUE(0xff5a, 0xff5a, 0xff5a, 0xff5a)
ENCORE_MAP_VALUE(0xff76, 0xff76, 0xff76, 0xff76)
ENCORE_MAP_VALUE(0xfff3, 0xfff3, 0xfff3, 0xfff3)
ENCORE_MAP_VALUE(0xfff6, 0xfff6, 0xfff6, 0xfff6)
ENCORE_MAP_VALUE(0xfffd, 0xfffd, 0xfffd, 0xfffd)
ENCORE_MAP_VALUE(0xffff, 0xffff, 0xffff, 0xffff)
ENCORE_MAP_TARGET(0x0004, 0x0004, 0x0004, 0x0004)
ENCORE_MAP_TARGET(0x000b, 0x0008, 0x00c6, 0x0008)
ENCORE_MAP_TARGET(0x0054, 0x0217, 0xffff, 0xffff)
ENCORE_MAP_TARGET(0x009d, 0x003f, 0xffff, 0xffff)
ENCORE_MAP_TARGET(0x00aa, 0x004c, 0xffff, 0x0056)
ENCORE_MAP_TARGET(0x01cd, 0x0149, 0x0124, 0x01f8)
ENCORE_MAP_TARGET(0x0202, 0x0162, 0x013d, 0x0211)
ENCORE_MAP_TARGET(0x0215, 0x0175, 0x0150, 0x0224)
ENCORE_MAP_TARGET(0x0232, 0x0192, 0x016d, 0x0241)
ENCORE_MAP_TARGET(0x0300, 0x0200, 0x01e1, 0x02b9)
ENCORE_MAP_TARGET(0x034b, 0x0263, 0x022c, 0x0304)
ENCORE_MAP_TARGET(0x0350, 0x0268, 0x0231, 0x0309)
ENCORE_MAP_TARGET(0x0377, 0x028f, 0x0258, 0x0330)
ENCORE_MAP_TARGET(0x037e, 0x0296, 0x025f, 0x0337)
ENCORE_MAP_TARGET(0x039e, 0x02b6, 0x027f, 0x0357)
ENCORE_MAP_TARGET(0x03ae, 0x02c6, 0x028f, 0x0367)
ENCORE_MAP_TARGET(0x03af, 0x02c7, 0x0290, 0x0368)
ENCORE_MAP_TARGET(0x03be, 0x02d6, 0x029f, 0x0377)
ENCORE_MAP_TARGET(0x03df, 0x02f7, 0x02c0, 0x0398)
ENCORE_MAP_TARGET(0x03f4, 0x030c, 0x02d5, 0x03ad)
ENCORE_MAP_TARGET(0x0413, 0x032b, 0x02f4, 0x03cc)
ENCORE_MAP_TARGET(0x04f3, 0x03bd, 0x0386, 0x045e)
ENCORE_MAP_TARGET(0x04fd, 0x03c7, 0x0390, 0x0468)
ENCORE_MAP_TARGET(0x0504, 0x03ce, 0x0397, 0x046f)
ENCORE_MAP_TARGET(0x0515, 0x03df, 0x03a8, 0x0480)
ENCORE_MAP_TARGET(0x051b, 0x03e5, 0x03ae, 0x0486)
ENCORE_MAP_TARGET(0x0550, 0x041a, 0x03e3, 0x04bb)
ENCORE_MAP_TARGET(0x055c, 0x0426, 0x03ef, 0x04c7)
ENCORE_MAP_TARGET(0x0562, 0x042c, 0x03f5, 0x04cd)
ENCORE_MAP_TARGET(0x05ac, 0x0476, 0x043f, 0x0517)
ENCORE_MAP_TARGET(0x05cd, 0x0497, 0x0460, 0x0538)
ENCORE_MAP_TARGET(0x0614, 0x04de, 0x04a7, 0x057f)
ENCORE_MAP_TARGET(0x0692, 0x058a, 0x0525, 0x062b)
ENCORE_MAP_TARGET(0x06bb, 0x0585, 0x054e, 0x0626)
ENCORE_MAP_TARGET(0x06f3, 0x05c3, 0x0586, 0x0664)
ENCORE_MAP_TARGET(0x0704, 0x05d4, 0x0597, 0x0675)
ENCORE_MAP_TARGET(0x071c, 0x05ec, 0x05af, 0x068d)
ENCORE_MAP_TARGET(0x078d, 0x069e, 0x0620, 0x0707)
ENCORE_MAP_TARGET(0x0797, 0x06a8, 0x062a, 0x0711)
ENCORE_MAP_TARGET(0x082c, 0x0775, 0x0717, 0x0826)
ENCORE_MAP_TARGET(0x0883, 0x07df, 0xffff, 0xffff)
ENCORE_MAP_TARGET(0x089c, 0xffff, 0xffff, 0x088e)
ENCORE_MAP_TARGET(0x08aa, 0x07ef, 0x076f, 0xffff)
ENCORE_MAP_TARGET(0x0917, 0xffff, 0x07c3, 0xffff)
ENCORE_MAP_TARGET(0x0969, 0x088a, 0x0815, 0x0958)
ENCORE_MAP_TARGET(0x0987, 0x08a8, 0x0833, 0x0975)
ENCORE_MAP_TARGET(0x099e, 0x08bf, 0x084a, 0x098b)
ENCORE_MAP_TARGET(0x09a4, 0x08c5, 0x0850, 0x0991)
ENCORE_MAP_TARGET(0x09b7, 0x08d7, 0x0862, 0x09a2)
ENCORE_MAP_TARGET(0x0a18, 0x0938, 0x08c3, 0x0a03)
ENCORE_MAP_TARGET(0x0a19, 0x093a, 0x08c5, 0x0a04)
ENCORE_MAP_TARGET(0x0a50, 0x0971, 0x08fc, 0x0a3b)
ENCORE_MAP_TARGET(0x0a75, 0x0991, 0x091c, 0x0a5b)
ENCORE_MAP_TARGET(0x0a85, 0xffff, 0x092c, 0xffff)
ENCORE_MAP_TARGET(0x0a98, 0x09b3, 0x093f, 0x0a7d)
ENCORE_MAP_TARGET(0x0aa1, 0x09bc, 0x0948, 0x0a86)
ENCORE_MAP_TARGET(0x0aca, 0x09e5, 0x0971, 0x0aaf)
ENCORE_MAP_TARGET(0x0aed, 0x0a07, 0x0994, 0x0ad1)
ENCORE_MAP_TARGET(0x0b0b, 0x0a28, 0x09b2, 0x0af2)
ENCORE_MAP_TARGET(0x0b1d, 0x0a3a, 0x09c1, 0x0b04)
ENCORE_MAP_TARGET(0x0b30, 0x0a4d, 0x09d4, 0x0b17)
ENCORE_MAP_TARGET(0x0b36, 0x0a53, 0x09da, 0x0b1d)
ENCORE_MAP_TARGET(0x0b4d, 0x0a84, 0x0a07, 0x0b4e)
ENCORE_MAP_TARGET(0x0b63, 0x0a9a, 0x0a1d, 0x600e)
ENCORE_MAP_TARGET(0x0b93, 0x0aca, 0x0a4d, 0x0b94)
ENCORE_MAP_TARGET(0x0bc6, 0x0aee, 0x0a71, 0x0bb5)
ENCORE_MAP_TARGET(0x0bca, 0x0af2, 0x0a75, 0x0bb9)
ENCORE_MAP_TARGET(0x0bf1, 0x0b19, 0xffff, 0xffff)
ENCORE_MAP_TARGET(0x0c57, 0x0b7f, 0x0ae4, 0x0c28)
ENCORE_MAP_TARGET(0x0c72, 0x0b9a, 0x0aff, 0x0c43)
ENCORE_MAP_TARGET(0x0c79, 0x0ba1, 0x0b06, 0x0c4a)
ENCORE_MAP_TARGET(0x0cb3, 0x0bdb, 0x0b40, 0xffff)
ENCORE_MAP_TARGET(0x0cd9, 0x0c01, 0x0b66, 0x0c7e)
ENCORE_MAP_TARGET(0x0cff, 0x0c27, 0x0b8c, 0x0ca4)
ENCORE_MAP_TARGET(0x0e74, 0x0f8f, 0x0c88, 0x0e68)
ENCORE_MAP_TARGET(0x0e83, 0x0f9e, 0x0c97, 0x0e77)
ENCORE_MAP_TARGET(0x0fa0, 0x1078, 0x0cd7, 0x0f58)
ENCORE_MAP_TARGET(0x0fc5, 0x1097, 0x0cf6, 0x0f77)
ENCORE_MAP_TARGET(0x0fcc, 0x109e, 0x0cfd, 0x0f7e)
ENCORE_MAP_TARGET(0x1048, 0xffff, 0x0d0e, 0xffff)
ENCORE_MAP_TARGET(0x1091, 0x5399, 0xffff, 0xffff)
ENCORE_MAP_TARGET(0x10e0, 0x5061, 0xffff, 0x63e6)
ENCORE_MAP_TARGET(0x1120, 0x10a9, 0x0e7a, 0x0f89)
ENCORE_MAP_TARGET(0x1184, 0x121a, 0x11f6, 0xffff)
ENCORE_MAP_TARGET(0x11ae, 0x1272, 0xffff, 0xffff)
ENCORE_MAP_TARGET(0x12ca, 0xffff, 0xffff, 0x0fe6)
ENCORE_MAP_TARGET(0x12ea, 0x4f9c, 0xffff, 0xffff)
ENCORE_MAP_TARGET(0x132c, 0xffff, 0xffff, 0x1081)
ENCORE_MAP_TARGET(0x13a6, 0x1445, 0xffff, 0xffff)
ENCORE_MAP_TARGET(0x194f, 0xffff, 0xffff, 0x109b)
ENCORE_MAP_TARGET(0x19b0, 0x14e8, 0xffff, 0x1117)
ENCORE_MAP_TARGET(0x1b66, 0xffff, 0x15bc, 0xffff)
ENCORE_MAP_TARGET(0x1db8, 0xffff, 0xffff, 0x1179)
ENCORE_MAP_TARGET(0x1f6a, 0xffff, 0xffff, 0x11f5)
ENCORE_MAP_TARGET(0x1fcf, 0x1565, 0xffff, 0x14df)
ENCORE_MAP_TARGET(0x1fd9, 0x156f, 0xffff, 0x14e9)
ENCORE_MAP_TARGET(0x1fe7, 0x157d, 0xffff, 0x14f7)
ENCORE_MAP_TARGET(0x20a6, 0x183b, 0xffff, 0xffff)
ENCORE_MAP_TARGET(0x20f0, 0x1a20, 0xffff, 0x15d6)
ENCORE_MAP_TARGET(0x2120, 0xffff, 0xffff, 0x163f)
ENCORE_MAP_TARGET(0x2134, 0xffff, 0xffff, 0x186a)
ENCORE_MAP_TARGET(0x2186, 0x1a78, 0x1627, 0xffff)
ENCORE_MAP_TARGET(0x21e9, 0x1adb, 0x1652, 0x2361)
ENCORE_MAP_TARGET(0x2255, 0x1b47, 0x16b3, 0xffff)
ENCORE_MAP_TARGET(0x2297, 0x218c, 0xffff, 0xffff)
ENCORE_MAP_TARGET(0x2323, 0x2200, 0xffff, 0xffff)
ENCORE_MAP_TARGET(0x2362, 0x22b2, 0x1848, 0xffff)
ENCORE_MAP_TARGET(0x23bb, 0xffff, 0x19bc, 0xffff)
ENCORE_MAP_TARGET(0x23e6, 0xffff, 0x1b19, 0xffff)
ENCORE_MAP_TARGET(0x23f6, 0xffff, 0x1bea, 0xffff)
ENCORE_MAP_TARGET(0x2410, 0xffff, 0x19bc, 0xffff)
ENCORE_MAP_TARGET(0x25fa, 0x2316, 0xffff, 0xffff)
ENCORE_MAP_TARGET(0x26c9, 0x2349, 0xffff, 0xffff)
ENCORE_MAP_TARGET(0x2870, 0xffff, 0xffff, 0x240c)
ENCORE_MAP_TARGET(0x287a, 0xffff, 0xffff, 0x2416)
ENCORE_MAP_TARGET(0x2888, 0xffff, 0xffff, 0x2424)
ENCORE_MAP_TARGET(0x28b7, 0xffff, 0xffff, 0x2b58)
ENCORE_MAP_TARGET(0x28ca, 0xffff, 0xffff, 0x2bfa)
ENCORE_MAP_TARGET(0x29cd, 0xffff, 0xffff, 0x2e8f)
ENCORE_MAP_TARGET(0x29e6, 0xffff, 0xffff, 0x315d)
ENCORE_MAP_TARGET(0x2a3a, 0xffff, 0xffff, 0x31fd)
ENCORE_MAP_TARGET(0x2a94, 0xffff, 0xffff, 0x5f3c)
ENCORE_MAP_TARGET(0x2ab1, 0x241a, 0x1d9d, 0x3189)
ENCORE_MAP_TARGET(0x2ace, 0xffff, 0x1db3, 0xffff)
ENCORE_MAP_TARGET(0x2adc, 0xffff, 0x1def, 0xffff)
ENCORE_MAP_TARGET(0x2b31, 0xffff, 0xffff, 0x3214)
ENCORE_MAP_TARGET(0x2b44, 0x242d, 0x1e28, 0x3227)
ENCORE_MAP_TARGET(0x2b79, 0xffff, 0x1f06, 0xffff)
ENCORE_MAP_TARGET(0x2b9c, 0x2443, 0x1e3e, 0x32a6)
ENCORE_MAP_TARGET(0x2b9d, 0x24de, 0x1f8f, 0x3542)
ENCORE_MAP_TARGET(0x2bb6, 0x24f7, 0xffff, 0xffff)
ENCORE_MAP_TARGET(0x2bd0, 0x2511, 0xffff, 0xffff)
ENCORE_MAP_TARGET(0x2bd1, 0x2512, 0x1f40, 0x3336)
ENCORE_MAP_TARGET(0x2bf3, 0x2534, 0x1f62, 0x3358)
ENCORE_MAP_TARGET(0x2c84, 0x25b9, 0x205b, 0x3377)
ENCORE_MAP_TARGET(0x2c94, 0x25c9, 0x206b, 0x3387)
ENCORE_MAP_TARGET(0x2ca4, 0x25d9, 0x207b, 0x3397)
ENCORE_MAP_TARGET(0x2ca5, 0x25da, 0x207c, 0x3398)
ENCORE_MAP_TARGET(0x2cb3, 0x25e8, 0x208a, 0x33a6)
ENCORE_MAP_TARGET(0x2cc6, 0x25fb, 0x209d, 0x33b9)
ENCORE_MAP_TARGET(0x2d19, 0x261e, 0x20c0, 0xffff)
ENCORE_MAP_TARGET(0x2d26, 0x262b, 0x20cd, 0xffff)
ENCORE_MAP_TARGET(0x2d64, 0x2699, 0x2145, 0xffff)
ENCORE_MAP_TARGET(0x2d8e, 0x26c3, 0xffff, 0x3413)
ENCORE_MAP_TARGET(0x2db1, 0x26e6, 0x2179, 0x3436)
ENCORE_MAP_TARGET(0x2dd7, 0x270c, 0x219f, 0x345c)
ENCORE_MAP_TARGET(0x2ddc, 0x2711, 0x21a4, 0x3461)
ENCORE_MAP_TARGET(0x2f3f, 0x277d, 0x2210, 0x34cd)
ENCORE_MAP_TARGET(0x2fcc, 0x27cb, 0x225a, 0x3778)
ENCORE_MAP_TARGET(0x2fd9, 0x27d8, 0x2267, 0x3785)
ENCORE_MAP_TARGET(0x2fed, 0x27ec, 0x227b, 0x3799)
ENCORE_MAP_TARGET(0x2ffa, 0x27f9, 0x2288, 0x37a6)
ENCORE_MAP_TARGET(0x300e, 0x280d, 0x229c, 0x37ba)
ENCORE_MAP_TARGET(0x3013, 0x2812, 0x22a1, 0x37bf)
ENCORE_MAP_TARGET(0x3016, 0x2815, 0x22a4, 0x37c2)
ENCORE_MAP_TARGET(0x3054, 0x2853, 0x22e2, 0x3800)
ENCORE_MAP_TARGET(0x3095, 0x2894, 0x2323, 0x3841)
ENCORE_MAP_TARGET(0x30b7, 0x28b6, 0x2345, 0x3863)
ENCORE_MAP_TARGET(0x30d2, 0x28d1, 0x2360, 0x387e)
ENCORE_MAP_TARGET(0x30dc, 0x28db, 0x236a, 0x3888)
ENCORE_MAP_TARGET(0x30e9, 0x28e8, 0x2377, 0x3895)
ENCORE_MAP_TARGET(0x30f9, 0x28f8, 0x2387, 0x38a5)
ENCORE_MAP_TARGET(0x30fc, 0x28fb, 0x238a, 0x38a8)
ENCORE_MAP_TARGET(0x3106, 0x2905, 0x2394, 0x38b2)
ENCORE_MAP_TARGET(0x3110, 0x290f, 0x239e, 0x38bc)
ENCORE_MAP_TARGET(0x311c, 0x291b, 0x23aa, 0x38c8)
ENCORE_MAP_TARGET(0x3194, 0x2993, 0x2422, 0x3940)
ENCORE_MAP_TARGET(0x3196, 0x2995, 0x2424, 0x3942)
ENCORE_MAP_TARGET(0x31b4, 0x29b3, 0x2442, 0x3960)
ENCORE_MAP_TARGET(0x31b5, 0x29b4, 0x2443, 0x3961)
ENCORE_MAP_TARGET(0x31c9, 0x29c8, 0x2457, 0x3975)
ENCORE_MAP_TARGET(0x31cd, 0x29cc, 0x245b, 0x3979)
ENCORE_MAP_TARGET(0x31e8, 0x29e7, 0x2476, 0x3994)
ENCORE_MAP_TARGET(0x31f2, 0x29f1, 0x2480, 0x399e)
ENCORE_MAP_TARGET(0x3203, 0x2a02, 0x2491, 0x39af)
ENCORE_MAP_TARGET(0x3222, 0x2a21, 0x24b0, 0x39ce)
ENCORE_MAP_TARGET(0x322c, 0x2a2b, 0x24ba, 0x39d8)
ENCORE_MAP_TARGET(0x3239, 0x2a38, 0x24c7, 0x39e5)
ENCORE_MAP_TARGET(0x323a, 0x2a39, 0x24c8, 0x39e6)
ENCORE_MAP_TARGET(0x3281, 0x2a80, 0x250f, 0x3a2d)
ENCORE_MAP_TARGET(0x3297, 0x2a96, 0x2525, 0x3a43)
ENCORE_MAP_TARGET(0x32af, 0x2aae, 0x253d, 0x3a5b)
ENCORE_MAP_TARGET(0x32b1, 0x2ab0, 0x253f, 0x3a5d)
ENCORE_MAP_TARGET(0x3337, 0x2b36, 0x25c5, 0x3ae3)
ENCORE_MAP_TARGET(0x336c, 0x2b6b, 0x25fa, 0x3b18)
ENCORE_MAP_TARGET(0x337a, 0x2b79, 0x2608, 0x3b26)
ENCORE_MAP_TARGET(0x3389, 0x2b88, 0x2617, 0x3b35)
ENCORE_MAP_TARGET(0x33e1, 0x2be0, 0x266f, 0x3b8d)
ENCORE_MAP_TARGET(0x33f9, 0x2bf8, 0x2687, 0x3ba5)
ENCORE_MAP_TARGET(0x3429, 0x2c28, 0x26b7, 0x3bd5)
ENCORE_MAP_TARGET(0x345d, 0x2c5c, 0x26eb, 0x3c09)
ENCORE_MAP_TARGET(0x3474, 0x2c73, 0x2702, 0x3c20)
ENCORE_MAP_TARGET(0x3478, 0x2c77, 0x2706, 0x3c24)
ENCORE_MAP_TARGET(0x34d1, 0x2cd0, 0x275f, 0x3c7d)
ENCORE_MAP_TARGET(0x34dc, 0x2cdb, 0x276a, 0x3c88)
ENCORE_MAP_TARGET(0x34e2, 0x2ce1, 0x2770, 0x3c8e)
ENCORE_MAP_TARGET(0x34e3, 0x2ce2, 0x2771, 0x3c8f)
ENCORE_MAP_TARGET(0x3510, 0x2d0f, 0x279e, 0x3cbc)
ENCORE_MAP_TARGET(0x3522, 0x2d21, 0x27b0, 0x3cce)
ENCORE_MAP_TARGET(0x353a, 0x2d39, 0x27c8, 0x3ce6)
ENCORE_MAP_TARGET(0x3549, 0x2d48, 0x27d7, 0x3cf5)
ENCORE_MAP_TARGET(0x3556, 0x2d55, 0x27e4, 0x3d02)
ENCORE_MAP_TARGET(0x3560, 0x2d5f, 0x27ee, 0x3d0c)
ENCORE_MAP_TARGET(0x3593, 0x2d92, 0x2821, 0x3d3f)
ENCORE_MAP_TARGET(0x359b, 0x2d9a, 0x2829, 0x3d47)
ENCORE_MAP_TARGET(0x35ac, 0x2dab, 0x283a, 0x3d58)
ENCORE_MAP_TARGET(0x35c8, 0x2dc7, 0x2856, 0x3d74)
ENCORE_MAP_TARGET(0x35cd, 0x2dcc, 0x285b, 0x3d79)
ENCORE_MAP_TARGET(0x35d4, 0x2dd3, 0x2862, 0x3d80)
ENCORE_MAP_TARGET(0x35f2, 0x2df1, 0x2880, 0x3d9e)
ENCORE_MAP_TARGET(0x35f3, 0x2df2, 0x2881, 0x3d9f)
ENCORE_MAP_TARGET(0x35f4, 0x2df3, 0x2882, 0x3da0)
ENCORE_MAP_TARGET(0x35fd, 0x2dfc, 0x288b, 0x3da9)
ENCORE_MAP_TARGET(0x3608, 0x2e07, 0x2896, 0x3db4)
ENCORE_MAP_TARGET(0x361a, 0x2e19, 0x28a8, 0x3dc6)
ENCORE_MAP_TARGET(0x362c, 0x2e2b, 0x28ba, 0x3dd8)
ENCORE_MAP_TARGET(0x3639, 0x2e38, 0x28c7, 0x3de5)
ENCORE_MAP_TARGET(0x3646, 0x2e45, 0x28d4, 0x3df2)
ENCORE_MAP_TARGET(0x3668, 0x2e67, 0x28f6, 0x3e14)
ENCORE_MAP_TARGET(0x366b, 0x2e6a, 0x28f9, 0x3e17)
ENCORE_MAP_TARGET(0x3691, 0x2e90, 0x291f, 0x3e3d)
ENCORE_MAP_TARGET(0x369f, 0x2e9e, 0x292d, 0x3e4b)
ENCORE_MAP_TARGET(0x36b1, 0x2eb0, 0x293f, 0x3e5d)
ENCORE_MAP_TARGET(0x36c3, 0x2ec2, 0x2951, 0x3e6f)
ENCORE_MAP_TARGET(0x36d7, 0x2ed6, 0x2965, 0x3e83)
ENCORE_MAP_TARGET(0x36da, 0x2ed9, 0x2968, 0x3e86)
ENCORE_MAP_TARGET(0x36ee, 0x2eed, 0x297c, 0x3e9a)
ENCORE_MAP_TARGET(0x3717, 0x2f16, 0x29a5, 0x3ec3)
ENCORE_MAP_TARGET(0x3723, 0x2f22, 0x29b1, 0x3ecf)
ENCORE_MAP_TARGET(0x3733, 0x2f32, 0x29c1, 0x3edf)
ENCORE_MAP_TARGET(0x373a, 0x2f39, 0x29c8, 0x3ee6)
ENCORE_MAP_TARGET(0x3741, 0x2f40, 0x29cf, 0x3eed)
ENCORE_MAP_TARGET(0x374d, 0x2f4c, 0x29db, 0x3ef9)
ENCORE_MAP_TARGET(0x3759, 0x2f58, 0x29e7, 0x3f05)
ENCORE_MAP_TARGET(0x37d5, 0x2fd4, 0x2a63, 0x3f81)
ENCORE_MAP_TARGET(0x37d6, 0x2fd5, 0x2a64, 0x3f82)
ENCORE_MAP_TARGET(0x37dd, 0x2fdc, 0x2a6b, 0x3f89)
ENCORE_MAP_TARGET(0x37ea, 0x2fe9, 0x2a78, 0x3f96)
ENCORE_MAP_TARGET(0x3850, 0x304f, 0x2ade, 0x3ffc)
ENCORE_MAP_TARGET(0x386e, 0x306d, 0x2afc, 0x401a)
ENCORE_MAP_TARGET(0x386f, 0x306e, 0x2afd, 0x401b)
ENCORE_MAP_TARGET(0x3870, 0x306f, 0x2afe, 0x401c)
ENCORE_MAP_TARGET(0x3879, 0x3078, 0x2b07, 0x4025)
ENCORE_MAP_TARGET(0x3881, 0x3080, 0x2b0f, 0x402d)
ENCORE_MAP_TARGET(0x38b9, 0x30b8, 0x2b47, 0x4065)
ENCORE_MAP_TARGET(0x38df, 0x30de, 0x2b6d, 0x408b)
ENCORE_MAP_TARGET(0x38ea, 0x30e9, 0x2b78, 0x4096)
ENCORE_MAP_TARGET(0x3916, 0x3115, 0x2ba4, 0x40c2)
ENCORE_MAP_TARGET(0x3923, 0x3122, 0x2bb1, 0x40cf)
ENCORE_MAP_TARGET(0x392b, 0x312a, 0x2bb9, 0x40d7)
ENCORE_MAP_TARGET(0x3954, 0x3153, 0x2be2, 0x4100)
ENCORE_MAP_TARGET(0x3964, 0x3163, 0x2bf2, 0x4110)
ENCORE_MAP_TARGET(0x3969, 0x3168, 0x2bf7, 0x4115)
ENCORE_MAP_TARGET(0x3979, 0x3178, 0x2c07, 0x4125)
ENCORE_MAP_TARGET(0x397a, 0x3179, 0x2c08, 0x4126)
ENCORE_MAP_TARGET(0x397b, 0x317a, 0x2c09, 0x4127)
ENCORE_MAP_TARGET(0x39a2, 0x31a1, 0x2c30, 0x414e)
ENCORE_MAP_TARGET(0x39aa, 0x31a9, 0x2c38, 0x4156)
ENCORE_MAP_TARGET(0x39b3, 0x31b2, 0x2c41, 0x415f)
ENCORE_MAP_TARGET(0x39fb, 0x31fa, 0x2c89, 0x41a7)
ENCORE_MAP_TARGET(0x3a05, 0x3204, 0x2c93, 0x41b1)
ENCORE_MAP_TARGET(0x3a11, 0x3210, 0x2c9f, 0x41bd)
ENCORE_MAP_TARGET(0x3a23, 0x3222, 0x2cb1, 0x41cf)
ENCORE_MAP_TARGET(0x3a34, 0x3233, 0x2cc2, 0x41e0)
ENCORE_MAP_TARGET(0x3a37, 0x3236, 0x2cc5, 0x41e3)
ENCORE_MAP_TARGET(0x3a43, 0x3242, 0x2cd1, 0x41ef)
ENCORE_MAP_TARGET(0x3a48, 0x3247, 0x2cd6, 0x41f4)
ENCORE_MAP_TARGET(0x3a4b, 0x324a, 0x2cd9, 0x41f7)
ENCORE_MAP_TARGET(0x3a4c, 0x324b, 0x2cda, 0x41f8)
ENCORE_MAP_TARGET(0x3a57, 0x3256, 0x2ce5, 0x4203)
ENCORE_MAP_TARGET(0x3a5e, 0x325d, 0x2cec, 0x420a)
ENCORE_MAP_TARGET(0x3a72, 0x3271, 0x2d00, 0x421e)
ENCORE_MAP_TARGET(0x3a81, 0x3280, 0x2d0f, 0x422d)
ENCORE_MAP_TARGET(0x3a89, 0x3288, 0x2d17, 0x4235)
ENCORE_MAP_TARGET(0x3aa1, 0x32a0, 0x2d2f, 0x424d)
ENCORE_MAP_TARGET(0x3ab5, 0x32b4, 0x2d43, 0x4261)
ENCORE_MAP_TARGET(0x3ab6, 0x32b5, 0x2d44, 0x4262)
ENCORE_MAP_TARGET(0x3acf, 0x32ce, 0x2d5d, 0x427b)
ENCORE_MAP_TARGET(0x3ade, 0x32dd, 0x2d6c, 0x428a)
ENCORE_MAP_TARGET(0x3b08, 0x3307, 0x2d96, 0x42b4)
ENCORE_MAP_TARGET(0x3b17, 0x3316, 0x2da5, 0x42c3)
ENCORE_MAP_TARGET(0x3b3a, 0x3339, 0x2dc8, 0x42e6)
ENCORE_MAP_TARGET(0x3b4d, 0x334c, 0x2ddb, 0x42f9)
ENCORE_MAP_TARGET(0x3b60, 0x335f, 0x2dee, 0x430c)
ENCORE_MAP_TARGET(0x3b70, 0x336f, 0x2dfe, 0x431c)
ENCORE_MAP_TARGET(0x3b8a, 0x3389, 0x2e18, 0x4336)
ENCORE_MAP_TARGET(0x3b93, 0x3392, 0x2e21, 0x433f)
ENCORE_MAP_TARGET(0x3bd8, 0x33d7, 0x2e66, 0x4384)
ENCORE_MAP_TARGET(0x3c88, 0x3487, 0x2f16, 0x4434)
ENCORE_MAP_TARGET(0x3cad, 0x34ac, 0x2f3b, 0x4459)
ENCORE_MAP_TARGET(0x3cd3, 0x34d2, 0x2f61, 0x447f)
ENCORE_MAP_TARGET(0x3cd4, 0x34d3, 0x2f62, 0x4480)
ENCORE_MAP_TARGET(0x3d36, 0x3535, 0x2fc4, 0x44e2)
ENCORE_MAP_TARGET(0x3d72, 0x3571, 0x3000, 0x451e)
ENCORE_MAP_TARGET(0x3d80, 0x357f, 0x300e, 0x452c)
ENCORE_MAP_TARGET(0x3d81, 0x3580, 0x300f, 0x452d)
ENCORE_MAP_TARGET(0x3db3, 0x35b2, 0x3041, 0x455f)
ENCORE_MAP_TARGET(0x3db7, 0x35b6, 0x3045, 0x4563)
ENCORE_MAP_TARGET(0x3dbb, 0x35ba, 0x3049, 0x4567)
ENCORE_MAP_TARGET(0x3dcf, 0x35ce, 0x305d, 0x457b)
ENCORE_MAP_TARGET(0x3e0b, 0x360a, 0x3099, 0x45b7)
ENCORE_MAP_TARGET(0x3e63, 0x3662, 0x30f1, 0x460f)
ENCORE_MAP_TARGET(0x3e6f, 0x366e, 0x30fd, 0x461b)
ENCORE_MAP_TARGET(0x3e80, 0x367f, 0x310e, 0x462c)
ENCORE_MAP_TARGET(0x3e8f, 0x368e, 0x311d, 0x463b)
ENCORE_MAP_TARGET(0x3e9e, 0x369d, 0x312c, 0x464a)
ENCORE_MAP_TARGET(0x3eb5, 0x36b4, 0x3143, 0x4661)
ENCORE_MAP_TARGET(0x3ed3, 0x36d2, 0x3161, 0x467f)
ENCORE_MAP_TARGET(0x3eea, 0x36e9, 0x3178, 0x4696)
ENCORE_MAP_TARGET(0x3ef3, 0x36f2, 0x3181, 0x469f)
ENCORE_MAP_TARGET(0x3f28, 0x3727, 0x31b6, 0x46d4)
ENCORE_MAP_TARGET(0x3f31, 0x3730, 0x31bf, 0x46dd)
ENCORE_MAP_TARGET(0x3f39, 0x3738, 0x31c7, 0x46e5)
ENCORE_MAP_TARGET(0x3f50, 0x374f, 0x31de, 0x46fc)
ENCORE_MAP_TARGET(0x3f58, 0x3757, 0x31e6, 0x4704)
ENCORE_MAP_TARGET(0x3f71, 0x3770, 0x31ff, 0x471d)
ENCORE_MAP_TARGET(0x3f86, 0x3785, 0x3214, 0x4732)
ENCORE_MAP_TARGET(0x3f8a, 0x3789, 0x3218, 0x4736)
ENCORE_MAP_TARGET(0x3fa3, 0x37a2, 0x3231, 0x474f)
ENCORE_MAP_TARGET(0x3fac, 0x37ab, 0x323a, 0x4758)
ENCORE_MAP_TARGET(0x3fc0, 0x37bf, 0x324e, 0x476c)
ENCORE_MAP_TARGET(0x3fd4, 0x37d3, 0x3262, 0x4780)
ENCORE_MAP_TARGET(0x3fdb, 0x37da, 0x3269, 0x4787)
ENCORE_MAP_TARGET(0x3fe2, 0x37e1, 0x3270, 0x478e)
ENCORE_MAP_TARGET(0x3fe9, 0x37e8, 0x3277, 0x4795)
ENCORE_MAP_TARGET(0x3ff0, 0x37ef, 0x327e, 0x479c)
ENCORE_MAP_TARGET(0x3ff4, 0x37f3, 0x3282, 0x47a0)
ENCORE_MAP_TARGET(0x4002, 0x3801, 0x3290, 0x47ae)
ENCORE_MAP_TARGET(0x4011, 0x3810, 0x329f, 0x47bd)
ENCORE_MAP_TARGET(0x4018, 0x3817, 0x32a6, 0x47c4)
ENCORE_MAP_TARGET(0x402d, 0x382c, 0x32bb, 0x47d9)
ENCORE_MAP_TARGET(0x403a, 0x3839, 0x32c8, 0x47e6)
ENCORE_MAP_TARGET(0x404b, 0x384a, 0x32d9, 0x47f7)
ENCORE_MAP_TARGET(0x4063, 0x3862, 0x32f1, 0x480f)
ENCORE_MAP_TARGET(0x409b, 0x389a, 0x3329, 0x4847)
ENCORE_MAP_TARGET(0x40a9, 0x38a8, 0x3337, 0x4855)
ENCORE_MAP_TARGET(0x40e6, 0x38e5, 0x3374, 0x4892)
ENCORE_MAP_TARGET(0x40f7, 0x38f6, 0x3385, 0x48a3)
ENCORE_MAP_TARGET(0x4108, 0x3907, 0x3396, 0x48b4)
ENCORE_MAP_TARGET(0x4117, 0x3916, 0x33a5, 0x48c3)
ENCORE_MAP_TARGET(0x4140, 0x393f, 0x33ce, 0x48ec)
ENCORE_MAP_TARGET(0x4165, 0x3964, 0x33f3, 0x4911)
ENCORE_MAP_TARGET(0x4172, 0x3971, 0x3400, 0x491e)
ENCORE_MAP_TARGET(0x417f, 0x397e, 0x340d, 0x492b)
ENCORE_MAP_TARGET(0x419a, 0x3999, 0x3428, 0x4946)
ENCORE_MAP_TARGET(0x41b5, 0x39b4, 0x3443, 0x4961)
ENCORE_MAP_TARGET(0x41e2, 0x39e1, 0x3470, 0x498e)
ENCORE_MAP_TARGET(0x41e6, 0x39e5, 0x3474, 0x4992)
ENCORE_MAP_TARGET(0x41f7, 0x39f6, 0x3485, 0x49a3)
ENCORE_MAP_TARGET(0x4205, 0x3a04, 0x3493, 0x49b1)
ENCORE_MAP_TARGET(0x4215, 0x3a14, 0x34a3, 0x49c1)
ENCORE_MAP_TARGET(0x42a1, 0x3aa0, 0x352f, 0x4a4d)
ENCORE_MAP_TARGET(0x42b1, 0x3ab0, 0x353f, 0x4a5d)
ENCORE_MAP_TARGET(0x42c2, 0x3ac1, 0x3550, 0x4a6e)
ENCORE_MAP_TARGET(0x42c5, 0x3ac4, 0x3553, 0x4a71)
ENCORE_MAP_TARGET(0x42d9, 0x3ad8, 0x3567, 0x4a85)
ENCORE_MAP_TARGET(0x4302, 0x3b01, 0x3590, 0x4aae)
ENCORE_MAP_TARGET(0x4315, 0x3b14, 0x35a3, 0x4ac1)
ENCORE_MAP_TARGET(0x4337, 0x3b36, 0x35c5, 0x4ae3)
ENCORE_MAP_TARGET(0x4356, 0x3b55, 0x35e4, 0x4b02)
ENCORE_MAP_TARGET(0x4364, 0x3b63, 0x35f2, 0x4b10)
ENCORE_MAP_TARGET(0x4367, 0x3b66, 0x35f5, 0x4b13)
ENCORE_MAP_TARGET(0x43c3, 0x3bc2, 0x3651, 0x4b6f)
ENCORE_MAP_TARGET(0x43ff, 0x3bfe, 0x368d, 0x4bab)
ENCORE_MAP_TARGET(0x444c, 0x3c4b, 0x36da, 0x4bf8)
ENCORE_MAP_TARGET(0x4461, 0x3c60, 0x36ef, 0x4c0d)
ENCORE_MAP_TARGET(0x446b, 0x3c6a, 0x36f9, 0x4c17)
ENCORE_MAP_TARGET(0x449d, 0x3c9c, 0x372b, 0x4c49)
ENCORE_MAP_TARGET(0x44a0, 0x3c9f, 0x372e, 0x4c4c)
ENCORE_MAP_TARGET(0x44a8, 0x3ca7, 0x3736, 0x4c54)
ENCORE_MAP_TARGET(0x44af, 0x3cae, 0x373d, 0x4c5b)
ENCORE_MAP_TARGET(0x44b0, 0x3caf, 0x373e, 0x4c5c)
ENCORE_MAP_TARGET(0x44c3, 0x3cc2, 0x3751, 0x4c6f)
ENCORE_MAP_TARGET(0x44ee, 0x3ced, 0x377c, 0x4c9a)
ENCORE_MAP_TARGET(0x452a, 0x3d29, 0x37b8, 0x4cd6)
ENCORE_MAP_TARGET(0x4780, 0x3f7f, 0x3a0e, 0x4f2c)
ENCORE_MAP_TARGET(0x47e5, 0x3fe4, 0x3a73, 0x4f91)
ENCORE_MAP_TARGET(0x4808, 0x4007, 0x3a96, 0x4fb4)
ENCORE_MAP_TARGET(0x481f, 0x401e, 0x3aad, 0x4fcb)
ENCORE_MAP_TARGET(0x482e, 0x402d, 0x3abc, 0x4fda)
ENCORE_MAP_TARGET(0x4869, 0x4068, 0x3af7, 0x5015)
ENCORE_MAP_TARGET(0x4888, 0x4087, 0x3b16, 0x5034)
ENCORE_MAP_TARGET(0x48fd, 0x40fc, 0x3b8b, 0x50a9)
ENCORE_MAP_TARGET(0x4953, 0x4152, 0x3be1, 0x50ff)
ENCORE_MAP_TARGET(0x4978, 0x4177, 0x3c06, 0x5124)
ENCORE_MAP_TARGET(0x4988, 0x4187, 0x3c16, 0x5134)
ENCORE_MAP_TARGET(0x49a1, 0x41a0, 0x3c2f, 0x514d)
ENCORE_MAP_TARGET(0x49c3, 0x41c2, 0x3c51, 0x516f)
ENCORE_MAP_TARGET(0x49da, 0x41d9, 0x3c68, 0x5186)
ENCORE_MAP_TARGET(0x49ea, 0x41e9, 0x3c78, 0x5196)
ENCORE_MAP_TARGET(0x49eb, 0x41ea, 0x3c79, 0x5197)
ENCORE_MAP_TARGET(0x49f7, 0x41f6, 0x3c85, 0x51a3)
ENCORE_MAP_TARGET(0x4a22, 0x4221, 0x3cb0, 0x51ce)
ENCORE_MAP_TARGET(0x4a2c, 0x422b, 0x3cba, 0x51d8)
ENCORE_MAP_TARGET(0x4a3a, 0x4239, 0x3cc8, 0x51e6)
ENCORE_MAP_TARGET(0x4a4e, 0x424d, 0x3cdc, 0x51fa)
ENCORE_MAP_TARGET(0x4a56, 0x4255, 0x3ce4, 0x5202)
ENCORE_MAP_TARGET(0x4a5c, 0x425b, 0x3cea, 0x5208)
ENCORE_MAP_TARGET(0x4a6a, 0x4269, 0x3cf8, 0x5216)
ENCORE_MAP_TARGET(0x4a82, 0x4281, 0x3d10, 0x522e)
ENCORE_MAP_TARGET(0x4aae, 0x42ad, 0x3d3c, 0x525a)
ENCORE_MAP_TARGET(0x4aec, 0x42eb, 0x3d7a, 0x5298)
ENCORE_MAP_TARGET(0x4af3, 0x42f2, 0x3d81, 0x529f)
ENCORE_MAP_TARGET(0x4b03, 0x4302, 0x3d91, 0x52af)
ENCORE_MAP_TARGET(0x4b0e, 0x430d, 0x3d9c, 0x52ba)
ENCORE_MAP_TARGET(0x4b16, 0x4315, 0x3da4, 0x52c2)
ENCORE_MAP_TARGET(0x4b1c, 0x431b, 0x3daa, 0x52c8)
ENCORE_MAP_TARGET(0x4b2a, 0x4329, 0x3db8, 0x52d6)
ENCORE_MAP_TARGET(0x4b3e, 0x433d, 0x3dcc, 0x52ea)
ENCORE_MAP_TARGET(0x4c57, 0x4456, 0x3ee5, 0x5403)
ENCORE_MAP_TARGET(0x4c65, 0x4464, 0x3ef3, 0x5411)
ENCORE_MAP_TARGET(0x4c6a, 0x4469, 0x3ef8, 0x5416)
ENCORE_MAP_TARGET(0x4c78, 0x4477, 0x3f06, 0x5424)
ENCORE_MAP_TARGET(0x4c7d, 0x447c, 0x3f0b, 0x5429)
ENCORE_MAP_TARGET(0x4c90, 0x448f, 0x3f1e, 0x543c)
ENCORE_MAP_TARGET(0x4ca9, 0x44a8, 0x3f37, 0x5455)
ENCORE_MAP_TARGET(0x4cbc, 0x44bb, 0x3f4a, 0x5468)
ENCORE_MAP_TARGET(0x4cbd, 0x44bc, 0x3f4b, 0x5469)
ENCORE_MAP_TARGET(0x4cd4, 0x44d3, 0x3f62, 0x5480)
ENCORE_MAP_TARGET(0x4d18, 0x4517, 0x3fa6, 0x54c4)
ENCORE_MAP_TARGET(0x4d1b, 0x451a, 0x3fa9, 0x54c7)
ENCORE_MAP_TARGET(0x4d34, 0x4533, 0x3fc2, 0x54e0)
ENCORE_MAP_TARGET(0x4d79, 0x4578, 0x4007, 0x5525)
ENCORE_MAP_TARGET(0x4da6, 0x45a5, 0x4034, 0x5552)
ENCORE_MAP_TARGET(0x4db4, 0x45b3, 0x4042, 0x5560)
ENCORE_MAP_TARGET(0x4db9, 0x45b8, 0x4047, 0x5565)
ENCORE_MAP_TARGET(0x4e52, 0x4651, 0x40e0, 0x55fe)
ENCORE_MAP_TARGET(0x4e93, 0x4692, 0x4121, 0x563f)
ENCORE_MAP_TARGET(0x4f24, 0x4723, 0x41b2, 0x56d0)
ENCORE_MAP_TARGET(0x4f37, 0x4736, 0x41c5, 0x56e3)
ENCORE_MAP_TARGET(0x4f3c, 0x473b, 0x41ca, 0x56e8)
ENCORE_MAP_TARGET(0x4f48, 0x4747, 0x41d6, 0x56f4)
ENCORE_MAP_TARGET(0x5259, 0x4a58, 0x44e7, 0x5a05)
ENCORE_MAP_TARGET(0x526b, 0x4a6a, 0x44f9, 0x5a17)
ENCORE_MAP_TARGET(0x52b2, 0x4ab1, 0x4540, 0x5a5e)
ENCORE_MAP_TARGET(0x52b8, 0x4ab7, 0x4546, 0x5a64)
ENCORE_MAP_TARGET(0x52c8, 0x4ac7, 0x4556, 0x5a74)
ENCORE_MAP_TARGET(0x52da, 0x4ad9, 0x4568, 0x5a86)
ENCORE_MAP_TARGET(0x5307, 0x4b01, 0x4590, 0x5aae)
ENCORE_MAP_TARGET(0x5310, 0x4b0a, 0x4599, 0x5ab7)
ENCORE_MAP_TARGET(0x5313, 0x4b0d, 0x459c, 0x5aba)
ENCORE_MAP_TARGET(0x5344, 0x4b3e, 0x45cd, 0x5aeb)
ENCORE_MAP_TARGET(0x5352, 0x4b4c, 0x45db, 0x5af9)
ENCORE_MAP_TARGET(0x5366, 0x4b60, 0x45ef, 0x5b0d)
ENCORE_MAP_TARGET(0x53a7, 0x4ba1, 0x4630, 0x5b4e)
ENCORE_MAP_TARGET(0x53b5, 0x4baf, 0x463e, 0x5b5c)
ENCORE_MAP_TARGET(0x53da, 0x4bd4, 0x4663, 0x5b81)
ENCORE_MAP_TARGET(0x53ee, 0x4be8, 0x4677, 0x5b95)
ENCORE_MAP_TARGET(0x5402, 0x4bfc, 0x468b, 0x5ba9)
ENCORE_MAP_TARGET(0x5406, 0x4c00, 0x468f, 0x5bad)
ENCORE_MAP_TARGET(0x5431, 0x4c2b, 0x46ba, 0x5bd8)
ENCORE_MAP_TARGET(0x5442, 0x4c3c, 0x46cb, 0x5be9)
ENCORE_MAP_TARGET(0x5444, 0x4c3e, 0x46cd, 0x5beb)
ENCORE_MAP_TARGET(0x546d, 0x4c67, 0x46f6, 0x5c14)
ENCORE_MAP_TARGET(0x547e, 0x4c78, 0x4707, 0x5c25)
ENCORE_MAP_TARGET(0x5484, 0x4c7e, 0x470d, 0x5c2b)
ENCORE_MAP_TARGET(0x550e, 0x4d08, 0x4797, 0x5cb5)
ENCORE_MAP_TARGET(0x5561, 0x4d5b, 0x47ea, 0x5d08)
ENCORE_MAP_TARGET(0x556c, 0x4d66, 0x47f5, 0x5d13)
ENCORE_MAP_TARGET(0x5580, 0x4d7a, 0x4809, 0x5d27)
ENCORE_MAP_TARGET(0x559f, 0x4d99, 0x4828, 0x5d46)
ENCORE_MAP_TARGET(0x55b7, 0x4db1, 0x4840, 0x5d5e)
ENCORE_MAP_TARGET(0x55bf, 0x4db9, 0x4848, 0x5d66)
ENCORE_MAP_TARGET(0x55cc, 0x4dc6, 0x4855, 0x5d73)
ENCORE_MAP_TARGET(0x55da, 0x4dd4, 0x4863, 0x5d81)
ENCORE_MAP_TARGET(0x55fd, 0x4df7, 0x4886, 0x5da4)
ENCORE_MAP_TARGET(0x5601, 0x4dfb, 0x488a, 0x5da8)
ENCORE_MAP_TARGET(0x5612, 0x4e0c, 0x489b, 0x5db9)
ENCORE_MAP_TARGET(0x561c, 0x4e16, 0x48a5, 0x5dc3)
ENCORE_MAP_TARGET(0x568f, 0x4e89, 0x4918, 0x5e36)
ENCORE_MAP_TARGET(0x569c, 0x4e96, 0x4925, 0x5e43)
ENCORE_MAP_TARGET(0x56da, 0x4ed4, 0x4963, 0x5e81)
ENCORE_MAP_TARGET(0x5728, 0x4f22, 0x49b1, 0x5ecf)
ENCORE_MAP_TARGET(0x5747, 0x4f41, 0x49d0, 0x5eee)
ENCORE_MAP_TARGET(0x575f, 0x4f59, 0x49e8, 0x5f06)
ENCORE_MAP_TARGET(0x576a, 0x4f64, 0x49f3, 0x5f11)
ENCORE_MAP_TARGET(0x5777, 0x4f71, 0x4a00, 0x5f1e)
ENCORE_MAP_TARGET(0x5782, 0x4f7c, 0x4a0b, 0x5f29)
ENCORE_MAP_TARGET(0x5788, 0x4f82, 0x4a11, 0x5f2f)
ENCORE_MAP_TARGET(0x5795, 0x4f8f, 0x4a1e, 0x5f3c)
ENCORE_MAP_TARGET(0x57a2, 0x4f9c, 0xffff, 0x5f49)
ENCORE_MAP_TARGET(0x57a5, 0x4f9f, 0x4a2e, 0x5f4c)
ENCORE_MAP_TARGET(0x57b9, 0x4fb3, 0x4a42, 0x5f60)
ENCORE_MAP_TARGET(0x57c6, 0x4fc0, 0x4a4f, 0x5f6d)
ENCORE_MAP_TARGET(0x57c7, 0x4fc1, 0x4a50, 0x5f6e)
ENCORE_MAP_TARGET(0x57ca, 0x4fc4, 0x4a53, 0x5f71)
ENCORE_MAP_TARGET(0x57d7, 0x4fd1, 0x4a60, 0x5f7e)
ENCORE_MAP_TARGET(0x57e0, 0x4fda, 0x4a69, 0x5f87)
ENCORE_MAP_TARGET(0x57e1, 0x4fdb, 0x4a6a, 0x5f88)
ENCORE_MAP_TARGET(0x57f0, 0x4fea, 0x4a79, 0x5f97)
ENCORE_MAP_TARGET(0x57f3, 0x4fed, 0x4a7c, 0x5f9a)
ENCORE_MAP_TARGET(0x5804, 0x4ffe, 0x4a8d, 0x5fab)
ENCORE_MAP_TARGET(0x580e, 0x5008, 0x4a97, 0x5fb5)
ENCORE_MAP_TARGET(0x5823, 0x501d, 0x4aac, 0x5fca)
ENCORE_MAP_TARGET(0x5834, 0x502e, 0x4abd, 0x5fdb)
ENCORE_MAP_TARGET(0x5837, 0x5031, 0x4ac0, 0x5fde)
ENCORE_MAP_TARGET(0x5841, 0x503b, 0x4aca, 0x5fe8)
ENCORE_MAP_TARGET(0x5849, 0x5043, 0x4ad2, 0x5ff0)
ENCORE_MAP_TARGET(0x585a, 0x5054, 0x4ae3, 0x6001)
ENCORE_MAP_TARGET(0x5866, 0x5060, 0x4aef, 0x600d)
ENCORE_MAP_TARGET(0x5867, 0x5061, 0x4af0, 0x600e)
ENCORE_MAP_TARGET(0x5871, 0x506b, 0x4afa, 0x6018)
ENCORE_MAP_TARGET(0x5874, 0x506e, 0x4afd, 0x601b)
ENCORE_MAP_TARGET(0x5894, 0x508e, 0x4b1d, 0x603b)
ENCORE_MAP_TARGET(0x58a4, 0x509e, 0x4b2d, 0x604b)
ENCORE_MAP_TARGET(0x58b4, 0x50ae, 0x4b3d, 0x605b)
ENCORE_MAP_TARGET(0x58c8, 0x50c2, 0x4b51, 0x606f)
ENCORE_MAP_TARGET(0x58d2, 0x50cc, 0x4b5b, 0x6079)
ENCORE_MAP_TARGET(0x58e6, 0x50e0, 0x4b6f, 0x608d)
ENCORE_MAP_TARGET(0x58f5, 0x50ef, 0x4b7e, 0x609c)
ENCORE_MAP_TARGET(0x58f8, 0x50f2, 0x4b81, 0x609f)
ENCORE_MAP_TARGET(0x5918, 0x5112, 0x4ba1, 0x60bf)
ENCORE_MAP_TARGET(0x5935, 0x512f, 0x4bbe, 0x60dc)
ENCORE_MAP_TARGET(0x5943, 0x513d, 0x4bcc, 0x60ea)
ENCORE_MAP_TARGET(0x594e, 0x5148, 0x4bd7, 0x60f5)
ENCORE_MAP_TARGET(0x594f, 0x5149, 0x4bd8, 0x60f6)
ENCORE_MAP_TARGET(0x595f, 0x5159, 0x4be8, 0x6106)
ENCORE_MAP_TARGET(0x597f, 0x5179, 0x4c08, 0x6126)
ENCORE_MAP_TARGET(0x5989, 0x5183, 0x4c12, 0x6130)
ENCORE_MAP_TARGET(0x59aa, 0x51a4, 0x4c33, 0x6151)
ENCORE_MAP_TARGET(0x59b8, 0x51b2, 0x4c41, 0x615f)
ENCORE_MAP_TARGET(0x59d8, 0x51d2, 0x4c61, 0x617f)
ENCORE_MAP_TARGET(0x59d9, 0x51d3, 0x4c62, 0x6180)
ENCORE_MAP_TARGET(0x59f4, 0x51ee, 0x4c7d, 0x619b)
ENCORE_MAP_TARGET(0x5a06, 0x5200, 0x4c8f, 0x61ad)
ENCORE_MAP_TARGET(0x5a15, 0x520f, 0x4c9e, 0x61bc)
ENCORE_MAP_TARGET(0x5a38, 0x5232, 0x4cc1, 0x61df)
ENCORE_MAP_TARGET(0x5a39, 0x5233, 0x4cc2, 0x61e0)
ENCORE_MAP_TARGET(0x5a48, 0x5242, 0x4cd1, 0x61ef)
ENCORE_MAP_TARGET(0x5a80, 0x527a, 0x4d09, 0x6227)
ENCORE_MAP_TARGET(0x5abc, 0x52b6, 0x4d45, 0x6263)
ENCORE_MAP_TARGET(0x5ac8, 0x52c2, 0x4d51, 0x626f)
ENCORE_MAP_TARGET(0x5ace, 0x52c8, 0x4d57, 0x6275)
ENCORE_MAP_TARGET(0x5b0a, 0x5304, 0x4d93, 0x62b1)
ENCORE_MAP_TARGET(0x5b0b, 0x5305, 0x4d94, 0x62b2)
ENCORE_MAP_TARGET(0x5b0e, 0x5308, 0x4d97, 0x62b5)
ENCORE_MAP_TARGET(0x5b23, 0x531d, 0x4dac, 0x62ca)
ENCORE_MAP_TARGET(0x5b2a, 0x5324, 0x4db3, 0x62d1)
ENCORE_MAP_TARGET(0x5b30, 0x532a, 0x4db9, 0x62d7)
ENCORE_MAP_TARGET(0x5b4f, 0x5349, 0x4dd8, 0x62f6)
ENCORE_MAP_TARGET(0x5b6e, 0x5368, 0x4df7, 0x6315)
ENCORE_MAP_TARGET(0x5b99, 0x5393, 0x4e22, 0x6340)
ENCORE_MAP_TARGET(0x5b9c, 0x5396, 0x4e25, 0x6343)
ENCORE_MAP_TARGET(0x5b9f, 0x5399, 0x4e28, 0xffff)
ENCORE_MAP_TARGET(0x5ba7, 0x53a1, 0x4e30, 0x634e)
ENCORE_MAP_TARGET(0x5bc4, 0x53be, 0x4e4d, 0x636b)
ENCORE_MAP_TARGET(0x5bcb, 0x53c5, 0x4e54, 0x6372)
ENCORE_MAP_TARGET(0x5beb, 0x53e5, 0x4e74, 0x6392)
ENCORE_MAP_TARGET(0x5c30, 0x542a, 0x4eb9, 0x63d7)
ENCORE_MAP_TARGET(0x5c38, 0x5432, 0x4ec1, 0x63df)
ENCORE_MAP_TARGET(0x5c3f, 0x5439, 0x4ec8, 0x63e6)
ENCORE_MAP_TARGET(0x5c91, 0x548b, 0x4f1a, 0x6438)
ENCORE_MAP_TARGET(0x5c93, 0x548d, 0x4f1c, 0x643a)
ENCORE_MAP_TARGET(0x5cb3, 0x54ad, 0x4f3c, 0x645a)
ENCORE_MAP_TARGET(0x5cb9, 0x54b3, 0x4f42, 0x6460)
ENCORE_MAP_TARGET(0x5cd7, 0x54d1, 0x4f60, 0x647e)
ENCORE_MAP_TARGET(0x5cff, 0x54f9, 0x4f88, 0x64a6)
ENCORE_MAP_TARGET(0x5d03, 0x54fd, 0x4f8c, 0x64aa)
ENCORE_MAP_TARGET(0x5d22, 0x551c, 0x4fab, 0x64c9)
ENCORE_MAP_TARGET(0x5d23, 0x551d, 0x4fac, 0x64ca)
ENCORE_MAP_TARGET(0x5d24, 0x551e, 0x4fad, 0x64cb)
ENCORE_MAP_TARGET(0x5d46, 0x5540, 0x4fcf, 0x64ed)
ENCORE_MAP_TARGET(0x5d49, 0x5543, 0x4fd2, 0x64f0)
ENCORE_MAP_TARGET(0x5d4d, 0x5547, 0x4fd6, 0x64f4)
ENCORE_MAP_TARGET(0x5d6e, 0x5568, 0x4ff7, 0x6515)
ENCORE_MAP_TARGET(0x5d70, 0x556a, 0x4ff9, 0x6517)
ENCORE_MAP_TARGET(0x5d92, 0x558c, 0x501b, 0x6539)
ENCORE_MAP_TARGET(0x5dac, 0x55a6, 0x5035, 0x6553)
ENCORE_MAP_TARGET(0x5daf, 0x55a9, 0x5038, 0x6556)
ENCORE_MAP_TARGET(0x5db3, 0x55ad, 0x503c, 0x655a)
ENCORE_MAP_TARGET(0x5de9, 0x55e3, 0x5072, 0x6590)
ENCORE_MAP_TARGET(0x5def, 0x55e9, 0x5078, 0x6596)
ENCORE_MAP_TARGET(0x5df1, 0x55eb, 0x507a, 0x6598)
ENCORE_MAP_TARGET(0x5e0c, 0x5606, 0x5095, 0x65b3)
ENCORE_MAP_TARGET(0x5e3a, 0x5634, 0x50c3, 0x65e1)
ENCORE_MAP_TARGET(0x5e48, 0x5642, 0x50d1, 0x65ef)
ENCORE_MAP_TARGET(0x5e58, 0x5652, 0x50e1, 0x65ff)
ENCORE_MAP_TARGET(0x5e66, 0x5660, 0x50ef, 0x660d)
ENCORE_MAP_TARGET(0x5e74, 0x566e, 0x50fd, 0x661b)
ENCORE_MAP_TARGET(0x5e77, 0x5671, 0x5100, 0x661e)
ENCORE_MAP_TARGET(0x5e91, 0x568b, 0x511a, 0x6638)
ENCORE_MAP_TARGET(0x5e94, 0x568e, 0x511d, 0x663b)
ENCORE_MAP_TARGET(0x5eb8, 0x56b2, 0x5141, 0x665f)
ENCORE_MAP_TARGET(0x5ec3, 0x56bd, 0x514c, 0x666a)
ENCORE_MAP_TARGET(0x5eff, 0x56f9, 0x5188, 0x66a6)
ENCORE_MAP_TARGET(0x5f06, 0x5700, 0x518f, 0x66ad)
ENCORE_MAP_TARGET(0x5f1f, 0x5719, 0x51a8, 0x66c6)
ENCORE_MAP_TARGET(0x5f27, 0x5721, 0x51b0, 0x66ce)
ENCORE_MAP_TARGET(0x5f2c, 0x5726, 0x51b5, 0x66d3)
ENCORE_MAP_TARGET(0x5f54, 0x574e, 0x51dd, 0x66fb)
ENCORE_MAP_TARGET(0x5f5a, 0x5754, 0x51e3, 0x6701)
ENCORE_MAP_TARGET(0x5f68, 0x5762, 0x51f1, 0x670f)
ENCORE_MAP_TARGET(0x5fd0, 0x57ca, 0x5259, 0x6777)
ENCORE_MAP_TARGET(0x5fec, 0x57e6, 0x5275, 0x6793)
ENCORE_MAP_TARGET(0x5ff9, 0x57f3, 0x5282, 0x67a0)
ENCORE_MAP_TARGET(0x5fff, 0x57f9, 0x5288, 0x67a6)
ENCORE_MAP_TARGET(0x6011, 0x580b, 0x529a, 0x67b8)
ENCORE_MAP_TARGET(0x607f, 0x5879, 0x5308, 0x6826)
ENCORE_MAP_TARGET(0x60c5, 0x58bf, 0x534e, 0x686c)
ENCORE_MAP_TARGET(0x60d7, 0x58d1, 0x5360, 0x687e)
ENCORE_MAP_TARGET(0x6127, 0x5921, 0x53b0, 0x68ce)
ENCORE_MAP_TARGET(0x6136, 0x5930, 0x53bf, 0x68dd)
ENCORE_MAP_TARGET(0x6146, 0x5940, 0x53cf, 0x68ed)
ENCORE_MAP_TARGET(0x61a6, 0x59a0, 0x542f, 0x694d)
ENCORE_MAP_TARGET(0x61f8, 0x59f2, 0x5481, 0x699f)
ENCORE_MAP_TARGET(0x620f, 0x5a09, 0x5498, 0x69b6)
ENCORE_MAP_TARGET(0x6215, 0x5a0f, 0xffff, 0x69bc)
ENCORE_MAP_TARGET(0x621b, 0x5a15, 0x54a4, 0x69c2)
ENCORE_MAP_TARGET(0x622d, 0x5a27, 0x54b6, 0x69d4)
ENCORE_MAP_TARGET(0x6236, 0x5a30, 0x54bf, 0x69dd)
ENCORE_MAP_TARGET(0x6248, 0x5a42, 0x54d1, 0x69ef)
ENCORE_MAP_TARGET(0x6249, 0x5a43, 0x54d2, 0x69f0)
ENCORE_MAP_TARGET(0x6263, 0x5a5d, 0x54ec, 0x6a0a)
ENCORE_MAP_TARGET(0x6264, 0x5a5e, 0x54ed, 0x6a0b)
ENCORE_MAP_TARGET(0x626d, 0x5a67, 0x54f6, 0x6a14)
ENCORE_MAP_TARGET(0x627f, 0x5a79, 0x5508, 0x6a26)
ENCORE_MAP_TARGET(0x6284, 0x5a7e, 0x550d, 0x6a2b)
ENCORE_MAP_TARGET(0x62a4, 0x5a9e, 0x552d, 0x6a4b)
ENCORE_MAP_TARGET(0x62a5, 0x5a9f, 0x552e, 0x6a4c)
ENCORE_MAP_TARGET(0x6302, 0x5afc, 0x558b, 0x6aa9)
ENCORE_MAP_TARGET(0x630c, 0x5b06, 0x5595, 0x6ab3)
ENCORE_MAP_TARGET(0x6316, 0x5b10, 0x559f, 0x6abd)
ENCORE_MAP_TARGET(0x631e, 0x5b18, 0x55a7, 0x6ac5)
ENCORE_MAP_TARGET(0x634b, 0x5b45, 0x55d4, 0x6af2)
ENCORE_MAP_TARGET(0x635d, 0x5b57, 0x55e6, 0x6b04)
ENCORE_MAP_TARGET(0x6365, 0x5b5f, 0x55ee, 0x6b0c)
ENCORE_MAP_TARGET(0x6390, 0x5b8a, 0x5619, 0x6b37)
ENCORE_MAP_TARGET(0x63c7, 0x5bc1, 0x5650, 0x6b6e)
ENCORE_MAP_TARGET(0x63c8, 0x5bc2, 0x5651, 0x6b6f)
ENCORE_MAP_TARGET(0x63f5, 0x5bef, 0x567e, 0x6b9c)
ENCORE_MAP_TARGET(0x6515, 0x5d0f, 0x579e, 0x6cbc)
ENCORE_MAP_TARGET(0x652c, 0x5d26, 0x57b5, 0x6cd3)
ENCORE_MAP_TARGET(0x65b1, 0x5dab, 0x583a, 0x6d58)
ENCORE_MAP_TARGET(0x65cd, 0x5dc7, 0x5856, 0x6d74)
ENCORE_MAP_TARGET(0x65e6, 0x5de0, 0x586f, 0x6d8d)
ENCORE_MAP_TARGET(0x65ec, 0x5de6, 0x5875, 0x6d93)
ENCORE_MAP_TARGET(0x65f7, 0x5df1, 0x5880, 0x6d9e)
ENCORE_MAP_TARGET(0x6600, 0x5dfa, 0x5889, 0x6da7)
ENCORE_MAP_TARGET(0x661d, 0x5e17, 0x58a6, 0x6dc4)
ENCORE_MAP_TARGET(0x6659, 0x5e53, 0x58e2, 0x6e00)
ENCORE_MAP_TARGET(0x666e, 0x5e68, 0x58f7, 0x6e15)
ENCORE_MAP_TARGET(0x6683, 0x5e7d, 0x590c, 0x6e2a)
ENCORE_MAP_TARGET(0x66cd, 0x5ec7, 0x5956, 0x6e74)
ENCORE_MAP_TARGET(0x66f3, 0x5eed, 0x597c, 0x6e9a)
ENCORE_MAP_TARGET(0x6764, 0x5f5e, 0x59ed, 0x6f0b)
ENCORE_MAP_TARGET(0x67b9, 0x5fb3, 0x5a42, 0x6f60)
ENCORE_MAP_TARGET(0x67cc, 0x5fc6, 0x5a55, 0x6f73)
ENCORE_MAP_TARGET(0x67d5, 0x5fcf, 0x5a5e, 0x6f7c)
ENCORE_MAP_TARGET(0x6819, 0x6013, 0x5aa2, 0x6fc0)
ENCORE_MAP_TARGET(0x6825, 0x601f, 0x5aae, 0x6fcc)
ENCORE_MAP_TARGET(0x6835, 0x602f, 0x5abe, 0x6fdc)
ENCORE_MAP_TARGET(0x683f, 0x6039, 0x5ac8, 0x6fe6)
ENCORE_MAP_TARGET(0x6849, 0x6043, 0x5ad2, 0x6ff0)
ENCORE_MAP_TARGET(0x6866, 0x6060, 0x5aef, 0x700d)
ENCORE_MAP_TARGET(0x6890, 0x608a, 0x5b19, 0x7037)
ENCORE_MAP_TARGET(0x68d0, 0x60ca, 0x5b59, 0x7077)
ENCORE_MAP_TARGET(0x68d4, 0x60ce, 0x5b5d, 0x707b)
ENCORE_MAP_TARGET(0x6904, 0x60fe, 0x5b8d, 0x70ab)
ENCORE_MAP_TARGET(0x691b, 0x6115, 0x5ba4, 0x70c2)
ENCORE_MAP_TARGET(0x6922, 0x611c, 0x5bab, 0x70c9)
ENCORE_MAP_TARGET(0x693d, 0x6137, 0x5bc6, 0x70e4)
ENCORE_MAP_TARGET(0x6965, 0x615f, 0x5bee, 0x710c)
ENCORE_MAP_TARGET(0x6994, 0x618e, 0x5c1d, 0x713b)
ENCORE_MAP_TARGET(0x6999, 0x6193, 0x5c22, 0x7140)
ENCORE_MAP_TARGET(0x69aa, 0x61a4, 0x5c33, 0x7151)
ENCORE_MAP_TARGET(0x69ac, 0x61a6, 0x5c35, 0x7153)
ENCORE_MAP_TARGET(0x69bb, 0x61b5, 0x5c44, 0x7162)
ENCORE_MAP_TARGET(0x69c1, 0x61bb, 0x5c4a, 0x7168)
ENCORE_MAP_TARGET(0x69cb, 0x61c5, 0x5c54, 0x7172)
ENCORE_MAP_TARGET(0x69ec, 0x61e6, 0x5c75, 0x7193)
ENCORE_MAP_TARGET(0x69ef, 0x61e9, 0x5c78, 0x7196)
ENCORE_MAP_TARGET(0x69fc, 0x61f6, 0x5c85, 0x71a3)
ENCORE_MAP_TARGET(0x69fd, 0x61f7, 0x5c86, 0x71a4)
ENCORE_MAP_TARGET(0x6a09, 0x6203, 0x5c92, 0x71b0)
ENCORE_MAP_TARGET(0x6a2f, 0x6229, 0x5cb8, 0x71d6)
ENCORE_MAP_TARGET(0x6a37, 0x6231, 0x5cc0, 0x71de)
ENCORE_MAP_TARGET(0x6a42, 0x623c, 0x5ccb, 0x71e9)
ENCORE_MAP_TARGET(0x6a5e, 0x6258, 0x5ce7, 0x7205)
ENCORE_MAP_TARGET(0x6ad4, 0xffff, 0xffff, 0x727b)
ENCORE_MAP_TARGET(0x6ae2, 0x62dc, 0x5d6b, 0x7289)
ENCORE_MAP_TARGET(0x6ae8, 0xffff, 0xffff, 0x728f)
ENCORE_MAP_TARGET(0x6afd, 0x62f7, 0x5d86, 0x72a4)
ENCORE_MAP_TARGET(0x6bbb, 0x63b5, 0x5e44, 0x7362)
ENCORE_MAP_TARGET(0x6bbc, 0x63b6, 0x5e45, 0x7363)
ENCORE_MAP_TARGET(0x6c02, 0x63fc, 0x5e8b, 0x73a9)
ENCORE_MAP_TARGET(0x6c0f, 0x6409, 0x5e98, 0x73b6)
ENCORE_MAP_TARGET(0x6c3d, 0x6437, 0x5ec6, 0x73e4)
ENCORE_MAP_TARGET(0x6c45, 0x643f, 0x5ece, 0x73ec)
ENCORE_MAP_TARGET(0x6c4f, 0x6449, 0x5ed8, 0x73f6)
ENCORE_MAP_TARGET(0x6c5c, 0x6456, 0x5ee5, 0x7403)
ENCORE_MAP_TARGET(0x6c5e, 0x6458, 0x5ee7, 0x7405)
ENCORE_MAP_TARGET(0x6c81, 0x647b, 0x5f0a, 0x7428)
ENCORE_MAP_TARGET(0x6c9a, 0x6494, 0x5f23, 0x7441)
ENCORE_MAP_TARGET(0x6ca5, 0x649f, 0x5f2e, 0x744c)
ENCORE_MAP_TARGET(0x6cae, 0x64a8, 0x5f37, 0x7455)
ENCORE_MAP_TARGET(0x6cbf, 0x64b9, 0x5f48, 0x7466)
ENCORE_MAP_TARGET(0x6ccd, 0x64c7, 0x5f56, 0x7474)
ENCORE_MAP_TARGET(0x6cda, 0x64d4, 0x5f63, 0x7481)
ENCORE_MAP_TARGET(0x6ce6, 0x64e0, 0x5f6f, 0x748d)
ENCORE_MAP_TARGET(0x6d01, 0x64fb, 0x5f8a, 0x74a8)
ENCORE_MAP_TARGET(0x6d06, 0x6500, 0x5f8f, 0x74ad)
ENCORE_MAP_TARGET(0x6d18, 0x6512, 0x5fa1, 0x74bf)
ENCORE_MAP_TARGET(0x6d1f, 0x6519, 0x5fa8, 0x74c6)
ENCORE_MAP_TARGET(0x6d41, 0x653b, 0x5fca, 0x74e8)
ENCORE_MAP_TARGET(0x6d48, 0x6542, 0x5fd1, 0x74ef)
ENCORE_MAP_TARGET(0x6d5a, 0x6554, 0x5fe3, 0x7501)
ENCORE_MAP_TARGET(0x6d61, 0x655b, 0x5fea, 0x7508)
ENCORE_MAP_TARGET(0x6d69, 0x6563, 0x5ff2, 0x7510)
ENCORE_MAP_TARGET(0x6d6f, 0x6569, 0x5ff8, 0x7516)
ENCORE_MAP_TARGET(0x6d7a, 0x6574, 0x6003, 0x7521)
ENCORE_MAP_TARGET(0x6d9b, 0x6595, 0x6024, 0x7542)
ENCORE_MAP_TARGET(0x6db2, 0x65ac, 0x603b, 0x7559)
ENCORE_MAP_TARGET(0x6dc3, 0x65bd, 0x604c, 0x756a)
ENCORE_MAP_TARGET(0x6deb, 0x65e5, 0x6074, 0x7592)
ENCORE_MAP_TARGET(0x6ded, 0x65e7, 0x6076, 0x7594)
ENCORE_MAP_TARGET(0x6dee, 0x65e8, 0x6077, 0x7595)
ENCORE_MAP_TARGET(0x6e52, 0x664c, 0x60db, 0x75f9)
ENCORE_MAP_TARGET(0x6e64, 0x665e, 0x60ed, 0x75fc)
ENCORE_MAP_TARGET(0x6e69, 0x6663, 0x60f2, 0x7604)
ENCORE_MAP_TARGET(0x6e77, 0x6671, 0x6100, 0x7612)
ENCORE_MAP_TARGET(0x6e7c, 0x6676, 0x6105, 0x7617)
ENCORE_MAP_TARGET(0x6e9c, 0x6696, 0x6125, 0x7637)
ENCORE_MAP_TARGET(0x6ea0, 0x669a, 0x6129, 0x763b)
ENCORE_MAP_TARGET(0x6ecd, 0x66c7, 0x6156, 0x7668)
ENCORE_MAP_TARGET(0x6ee6, 0x66e0, 0x616f, 0x7681)
ENCORE_MAP_TARGET(0x6f1d, 0x6717, 0x61a6, 0x76b8)
ENCORE_MAP_TARGET(0x6f5d, 0x6757, 0x61e6, 0x76f8)
ENCORE_MAP_TARGET(0x6f63, 0x675d, 0x61ec, 0x76fe)
ENCORE_MAP_TARGET(0x6f83, 0x677d, 0x620c, 0x771e)
ENCORE_MAP_TARGET(0x6f92, 0x678c, 0x621b, 0x772d)
ENCORE_MAP_TARGET(0x6f95, 0x678f, 0x621e, 0x7730)
ENCORE_MAP_TARGET(0x6f98, 0x6792, 0x6221, 0x7733)
ENCORE_MAP_TARGET(0x6fd0, 0x67ca, 0x6259, 0x776b)
ENCORE_MAP_TARGET(0x6fe5, 0x67df, 0x626e, 0x7780)
ENCORE_MAP_TARGET(0x6fec, 0x67e6, 0x6275, 0x7787)
ENCORE_MAP_TARGET(0x7013, 0x680d, 0x629c, 0x77ae)
ENCORE_MAP_TARGET(0x7025, 0x681f, 0x62ae, 0x77c0)
ENCORE_MAP_TARGET(0x7036, 0x6830, 0x62bf, 0x77d1)
ENCORE_MAP_TARGET(0x703a, 0x6834, 0x62c3, 0x77d5)
ENCORE_MAP_TARGET(0x7059, 0x6853, 0x62e2, 0x77f4)
ENCORE_MAP_TARGET(0x706b, 0x6865, 0x62f4, 0x7806)
ENCORE_MAP_TARGET(0x707c, 0x6876, 0x6305, 0x7817)
ENCORE_MAP_TARGET(0x7080, 0x687a, 0x6309, 0x781b)
ENCORE_MAP_TARGET(0x7085, 0x687f, 0x630e, 0x7820)
ENCORE_MAP_TARGET(0x87c0, 0x7fb0, 0x7a40, 0x8f50)
ENCORE_MAP_TARGET(0x87d9, 0x7fc9, 0x7a59, 0x8f69)
ENCORE_MAP_TARGET(0x87db, 0x7fcb, 0x7a5b, 0x8f6b)
ENCORE_MAP_TARGET(0x87ea, 0x7fda, 0x7a6a, 0x8f7a)
ENCORE_MAP_TARGET(0x8806, 0x7ff6, 0x7a86, 0x8f96)
ENCORE_MAP_TARGET(0x880f, 0x7fff, 0x7a8f, 0x8f9f)
ENCORE_MAP_TARGET(0x8810, 0x8000, 0x7a90, 0x8fa0)
ENCORE_MAP_TARGET(0x8829, 0x8019, 0x7aa9, 0x8fb9)
ENCORE_MAP_TARGET(0x8836, 0x8026, 0x7ab6, 0x8fc6)
ENCORE_MAP_TARGET(0x887d, 0x806d, 0x7afd, 0x900d)
ENCORE_MAP_TARGET(0x888e, 0x807e, 0x7b0e, 0x901e)
ENCORE_MAP_TARGET(0x88a4, 0x8094, 0x7b24, 0x9034)
ENCORE_MAP_TARGET(0x88b5, 0x80a5, 0x7b35, 0x9045)
ENCORE_MAP_TARGET(0x88c6, 0x80b6, 0x7b46, 0x9056)
ENCORE_MAP_TARGET(0x88dd, 0x80cd, 0x7b5d, 0x906d)
ENCORE_MAP_TARGET(0x88ee, 0x80de, 0x7b6e, 0x907e)
ENCORE_MAP_TARGET(0x8905, 0x80f5, 0x7b85, 0x9095)
ENCORE_MAP_TARGET(0x8916, 0x8106, 0x7b96, 0x90a6)
ENCORE_MAP_TARGET(0x892d, 0x811d, 0x7bad, 0x90bd)
ENCORE_MAP_TARGET(0x8944, 0x8134, 0x7bc4, 0x90d4)
ENCORE_MAP_TARGET(0x895b, 0x814b, 0x7bdb, 0x90eb)
ENCORE_MAP_TARGET(0x8972, 0x8162, 0x7bf2, 0x9102)
ENCORE_MAP_TARGET(0x898a, 0x817a, 0x7c0a, 0x911a)
ENCORE_MAP_TARGET(0x89a2, 0x8192, 0x7c22, 0x9132)
ENCORE_MAP_TARGET(0x89ba, 0x81aa, 0x7c3a, 0x914a)
ENCORE_MAP_TARGET(0x89d2, 0x81c2, 0x7c52, 0x9162)
ENCORE_MAP_TARGET(0x89ea, 0x81da, 0x7c6a, 0x917a)
ENCORE_MAP_TARGET(0x8a02, 0x81f2, 0x7c82, 0x9192)
ENCORE_MAP_TARGET(0x8a1a, 0x820a, 0x7c9a, 0x91aa)
ENCORE_MAP_TARGET(0x8a32, 0x8222, 0x7cb2, 0x91c2)
ENCORE_MAP_TARGET(0x8a49, 0x8239, 0x7cc9, 0x91d9)
ENCORE_MAP_TARGET(0x8a61, 0x8251, 0x7ce1, 0x91f1)
ENCORE_MAP_TARGET(0x8a78, 0x8268, 0x7cf8, 0x9208)
ENCORE_MAP_TARGET(0x8a90, 0x8280, 0x7d10, 0x9220)
ENCORE_MAP_TARGET(0x8aa7, 0x8297, 0x7d27, 0x9237)
ENCORE_MAP_TARGET(0x8abf, 0x82af, 0x7d3f, 0x924f)
ENCORE_MAP_TARGET(0x8ad7, 0x82c7, 0x7d57, 0x9267)
ENCORE_MAP_TARGET(0x8aef, 0x82df, 0x7d6f, 0x927f)
ENCORE_MAP_TARGET(0x8b07, 0x82f7, 0x7d87, 0x9297)
ENCORE_MAP_TARGET(0x8b1f, 0x830f, 0x7d9f, 0x92af)
ENCORE_MAP_TARGET(0x8b37, 0x8327, 0x7db7, 0x92c7)
ENCORE_MAP_TARGET(0x8b4f, 0x833f, 0x7dcf, 0x92df)
ENCORE_MAP_TARGET(0x8b67, 0x8357, 0x7de7, 0x92f7)
ENCORE_MAP_TARGET(0x8b7f, 0x836f, 0x7dff, 0x930f)
ENCORE_MAP_TARGET(0x8b97, 0x8387, 0x7e17, 0x9327)
ENCORE_MAP_TARGET(0x8ba8, 0x8398, 0x7e28, 0x9338)
ENCORE_MAP_TARGET(0x8bc0, 0x83b0, 0x7e40, 0x9350)
ENCORE_MAP_TARGET(0x8bd1, 0x83c1, 0x7e51, 0x9361)
ENCORE_MAP_TARGET(0x8be9, 0x83d9, 0x7e69, 0x9379)
ENCORE_MAP_TARGET(0x8bfa, 0x83ea, 0x7e7a, 0x938a)
ENCORE_MAP_TARGET(0x8c12, 0x8402, 0x7e92, 0x93a2)
ENCORE_MAP_TARGET(0x8c23, 0x8413, 0x7ea3, 0x93b3)
ENCORE_MAP_TARGET(0x8c34, 0x8424, 0x7eb4, 0x93c4)
ENCORE_MAP_TARGET(0x8c45, 0x8435, 0x7ec5, 0x93d5)
ENCORE_MAP_TARGET(0x8c4e, 0x843e, 0x7ece, 0x93de)
ENCORE_MAP_TARGET(0x8c59, 0x8449, 0x7ed9, 0x93e9)
ENCORE_MAP_TARGET(0x8c8f, 0x847f, 0x7f0f, 0x941f)
ENCORE_MAP_TARGET(0x8cbc, 0x84ac, 0x7f3c, 0x944c)
ENCORE_MAP_TARGET(0x8cc8, 0x84b8, 0x7f48, 0x9458)
ENCORE_MAP_TARGET(0x8cf5, 0x84e5, 0x7f75, 0x9485)
ENCORE_MAP_TARGET(0x8d00, 0x84f0, 0x7f80, 0x9490)
ENCORE_MAP_TARGET(0x8d08, 0x84f8, 0x7f88, 0x9498)
ENCORE_MAP_TARGET(0x8d0a, 0x84fa, 0x7f8a, 0x949a)
ENCORE_MAP_TARGET(0x8d16, 0x8506, 0x7f96, 0x94a6)
ENCORE_MAP_TARGET(0x8d36, 0x8526, 0x7fb6, 0x94c6)
ENCORE_MAP_TARGET(0x8d46, 0x8536, 0x7fc6, 0x94d6)
ENCORE_MAP_TARGET(0x8db6, 0x85a6, 0x8036, 0x9546)
ENCORE_MAP_TARGET(0x8dbb, 0x85ab, 0x803b, 0x954b)
ENCORE_MAP_TARGET(0x8dbe, 0x85ae, 0x803e, 0x954e)
ENCORE_MAP_TARGET(0x8dc5, 0x85b5, 0x8045, 0x9555)
ENCORE_MAP_TARGET(0x8de8, 0x85d8, 0x8068, 0x9578)
ENCORE_MAP_TARGET(0x8dea, 0x85da, 0x806a, 0x957a)
ENCORE_MAP_TARGET(0x8def, 0x85df, 0x806f, 0x957f)
ENCORE_MAP_TARGET(0x8df2, 0x85e2, 0x8072, 0x9582)
ENCORE_MAP_TARGET(0x8e0b, 0x85fb, 0x808b, 0x959b)
ENCORE_MAP_TARGET(0x8e10, 0x8600, 0x8090, 0x95a0)
ENCORE_MAP_TARGET(0x8e12, 0x8602, 0x8092, 0x95a2)
ENCORE_MAP_TARGET(0x8e34, 0x8624, 0x80b4, 0x95c4)
ENCORE_MAP_TARGET(0x8e3c, 0x862c, 0x80bc, 0x95cc)
ENCORE_MAP_TARGET(0x8e3f, 0x862f, 0x80bf, 0x95cf)
ENCORE_MAP_TARGET(0x8e53, 0x8643, 0x80d3, 0x95e3)
ENCORE_MAP_TARGET(0x8e55, 0x8645, 0x80d5, 0x95e5)
ENCORE_MAP_TARGET(0x8e70, 0x8660, 0x80f0, 0x9600)
ENCORE_MAP_TARGET(0x8e7a, 0x866a, 0x80fa, 0x960a)
ENCORE_MAP_TARGET(0x8e7d, 0x866d, 0x80fd, 0x960d)
ENCORE_MAP_TARGET(0x8e91, 0x8681, 0x8111, 0x9621)
ENCORE_MAP_TARGET(0x8e93, 0x8683, 0x8113, 0x9623)
ENCORE_MAP_TARGET(0x8e95, 0x8685, 0x8115, 0x9625)
ENCORE_MAP_TARGET(0x8eb5, 0x86a5, 0x8135, 0x9645)
ENCORE_MAP_TARGET(0x8ebf, 0x86af, 0x813f, 0x964f)
ENCORE_MAP_TARGET(0x8ecb, 0x86bb, 0x814b, 0x965b)
ENCORE_MAP_TARGET(0x8ed5, 0x86c5, 0x8155, 0x9665)
ENCORE_MAP_TARGET(0x8f2d, 0x871d, 0x81ad, 0x96bd)
ENCORE_MAP_TARGET(0x8f32, 0x8722, 0x81b2, 0x96c2)
ENCORE_MAP_TARGET(0x8f3e, 0x872e, 0x81be, 0x96ce)
ENCORE_MAP_TARGET(0x8f4b, 0x873b, 0x81cb, 0x96db)
ENCORE_MAP_TARGET(0x8f55, 0x8745, 0x81d5, 0x96e5)
ENCORE_MAP_TARGET(0x8f6d, 0x875d, 0x81ed, 0x96fd)
ENCORE_MAP_TARGET(0x8f79, 0x8769, 0x81f9, 0x9709)
ENCORE_MAP_TARGET(0x8f7e, 0x876e, 0x81fe, 0x970e)
ENCORE_MAP_TARGET(0x8faf, 0x879f, 0x822f, 0x973f)
ENCORE_MAP_TARGET(0x8fc5, 0x87b5, 0x8245, 0x9755)
ENCORE_MAP_TARGET(0x8fcf, 0x87bf, 0x824f, 0x975f)
ENCORE_MAP_TARGET(0x902f, 0x881f, 0x82af, 0x97bf)
ENCORE_MAP_TARGET(0x9039, 0x8829, 0x82b9, 0x97c9)
ENCORE_MAP_TARGET(0x9045, 0x8835, 0x82c5, 0x97d5)
ENCORE_MAP_TARGET(0x904f, 0x883f, 0x82cf, 0x97df)
ENCORE_MAP_TARGET(0x9088, 0x8878, 0x8308, 0x9818)
ENCORE_MAP_TARGET(0x9089, 0x8879, 0x8309, 0x9819)
ENCORE_MAP_TARGET(0x908f, 0x887f, 0x830f, 0x981f)
ENCORE_MAP_TARGET(0x90b7, 0x88a7, 0x8337, 0x9847)
ENCORE_MAP_TARGET(0x90f8, 0x88e8, 0x8378, 0x9888)
ENCORE_MAP_TARGET(0x9105, 0x88f5, 0x8385, 0x9895)
ENCORE_MAP_TARGET(0x9106, 0x88f6, 0x8386, 0x9896)
ENCORE_MAP_TARGET(0x9109, 0x88f9, 0x8389, 0x9899)
ENCORE_MAP_TARGET(0x912d, 0x891d, 0x83ad, 0x98bd)
ENCORE_MAP_TARGET(0x9132, 0x8922, 0x83b2, 0x98c2)
ENCORE_MAP_TARGET(0x9133, 0x8923, 0x83b3, 0x98c3)
ENCORE_MAP_TARGET(0x915d, 0x894d, 0x83dd, 0x98ed)
ENCORE_MAP_TARGET(0x917b, 0x896b, 0x83fb, 0x990b)
ENCORE_MAP_TARGET(0x9187, 0x8977, 0x8407, 0x9917)
ENCORE_MAP_TARGET(0x9192, 0x8982, 0x8412, 0x9922)
ENCORE_MAP_TARGET(0x919b, 0x898b, 0x841b, 0x992b)
ENCORE_MAP_TARGET(0x91a2, 0x8992, 0x8422, 0x9932)
ENCORE_MAP_TARGET(0x91b7, 0x89a7, 0x8437, 0x9947)
ENCORE_MAP_TARGET(0x91da, 0x89ca, 0x845a, 0x996a)
ENCORE_MAP_TARGET(0x91ed, 0x89dd, 0x846d, 0x997d)
ENCORE_MAP_TARGET(0x91f5, 0x89e5, 0x8475, 0x9985)
ENCORE_MAP_TARGET(0x921e, 0x8a0e, 0x849e, 0x99ae)
ENCORE_MAP_TARGET(0x9231, 0x8a21, 0x84b1, 0x99c1)
ENCORE_MAP_TARGET(0x9240, 0x8a30, 0x84c0, 0x99d0)
ENCORE_MAP_TARGET(0x9250, 0x8a40, 0x84d0, 0x99e0)
ENCORE_MAP_TARGET(0x929f, 0x8a8f, 0x851f, 0x9a2f)
ENCORE_MAP_TARGET(0x92b3, 0x8aa3, 0x8533, 0x9a43)
ENCORE_MAP_TARGET(0x92ef, 0x8adf, 0x856f, 0x9a7f)
ENCORE_MAP_TARGET(0x9312, 0x8b02, 0x8592, 0x9aa2)
ENCORE_MAP_TARGET(0x931e, 0x8b0e, 0x859e, 0x9aae)
ENCORE_MAP_TARGET(0x9335, 0x8b25, 0x85b5, 0x9ac5)
ENCORE_MAP_TARGET(0x9346, 0x8b36, 0x85c6, 0x9ad6)
ENCORE_MAP_TARGET(0x934c, 0x8b3c, 0x85cc, 0x9adc)
ENCORE_MAP_TARGET(0x9354, 0x8b44, 0x85d4, 0x9ae4)
ENCORE_MAP_TARGET(0x9357, 0x8b47, 0x85d7, 0x9ae7)
ENCORE_MAP_TARGET(0x935b, 0x8b4b, 0x85db, 0x9aeb)
ENCORE_MAP_TARGET(0x9377, 0x8b67, 0x85f7, 0x9b07)
ENCORE_MAP_TARGET(0x9379, 0x8b69, 0x85f9, 0x9b09)
ENCORE_MAP_TARGET(0x9393, 0x8b83, 0x8613, 0x9b23)
ENCORE_MAP_TARGET(0x93ae, 0x8b9e, 0x862e, 0x9b3e)
ENCORE_MAP_TARGET(0x93d4, 0x8bc4, 0x8654, 0x9b64)
ENCORE_MAP_TARGET(0x93f0, 0x8be0, 0x8670, 0x9b80)
ENCORE_MAP_TARGET(0x93f4, 0x8be4, 0x8674, 0x9b84)
ENCORE_MAP_TARGET(0x93f5, 0x8be5, 0x8675, 0x9b85)
ENCORE_MAP_TARGET(0x93f8, 0x8be8, 0x8678, 0x9b88)
ENCORE_MAP_TARGET(0x9412, 0x8c02, 0x8692, 0x9ba2)
ENCORE_MAP_TARGET(0x9445, 0x8c35, 0x86c5, 0x9bd5)
ENCORE_MAP_TARGET(0x9473, 0x8c63, 0x86f3, 0x9c03)
ENCORE_MAP_TARGET(0x947f, 0x8c6f, 0x86ff, 0x9c0f)
ENCORE_MAP_TARGET(0x9483, 0x8c73, 0x8703, 0x9c13)
ENCORE_MAP_TARGET(0x94a0, 0x8c90, 0x8720, 0x9c30)
ENCORE_MAP_TARGET(0x94a4, 0x8c94, 0x8724, 0x9c34)
ENCORE_MAP_TARGET(0x94b8, 0x8ca8, 0x8738, 0x9c48)
ENCORE_MAP_TARGET(0x94dd, 0x8ccd, 0x875d, 0x9c6d)
ENCORE_MAP_TARGET(0x94eb, 0x8cdb, 0x876b, 0x9c7b)
ENCORE_MAP_TARGET(0x9515, 0x8d05, 0x8795, 0x9ca5)
ENCORE_MAP_TARGET(0x951e, 0x8d0e, 0x879e, 0x9cae)
ENCORE_MAP_TARGET(0x952a, 0x8d1a, 0x87aa, 0x9cba)
ENCORE_MAP_TARGET(0x952c, 0x8d1c, 0x87ac, 0x9cbc)
ENCORE_MAP_TARGET(0x9534, 0x8d24, 0x87b4, 0x9cc4)
ENCORE_MAP_TARGET(0x955e, 0x8d4e, 0x87de, 0x9cee)
ENCORE_MAP_TARGET(0x9567, 0x8d57, 0x87e7, 0x9cf7)
ENCORE_MAP_TARGET(0x9573, 0x8d63, 0x87f3, 0x9d03)
ENCORE_MAP_TARGET(0x95b0, 0x8da0, 0x8830, 0x9d40)
ENCORE_MAP_TARGET(0x9615, 0x8e05, 0x8895, 0x9da5)
ENCORE_MAP_TARGET(0x9623, 0x8e13, 0x88a3, 0x9db3)
ENCORE_MAP_TARGET(0x9633, 0x8e23, 0x88b3, 0x9dc3)
ENCORE_MAP_TARGET(0x9643, 0x8e33, 0x88c3, 0x9dd3)
ENCORE_MAP_TARGET(0x9654, 0x8e44, 0x88d4, 0x9de4)
ENCORE_MAP_TARGET(0x9665, 0x8e55, 0x88e5, 0x9df5)
ENCORE_MAP_TARGET(0x9676, 0x8e66, 0x88f6, 0x9e06)
ENCORE_MAP_TARGET(0x9687, 0x8e77, 0x8907, 0x9e17)
ENCORE_MAP_TARGET(0x9698, 0x8e88, 0x8918, 0x9e28)
ENCORE_MAP_TARGET(0x96a9, 0x8e99, 0x8929, 0x9e39)
ENCORE_MAP_TARGET(0x96ba, 0x8eaa, 0x893a, 0x9e4a)
ENCORE_MAP_TARGET(0x96cb, 0x8ebb, 0x894b, 0x9e5b)
ENCORE_MAP_TARGET(0x96dc, 0x8ecc, 0x895c, 0x9e6c)
ENCORE_MAP_TARGET(0x96ed, 0x8edd, 0x896d, 0x9e7d)
ENCORE_MAP_TARGET(0x96fe, 0x8eee, 0x897e, 0x9e8e)
ENCORE_MAP_TARGET(0x970f, 0x8eff, 0x898f, 0x9e9f)
ENCORE_MAP_TARGET(0x9720, 0x8f10, 0x89a0, 0x9eb0)
ENCORE_MAP_TARGET(0x9731, 0x8f21, 0x89b1, 0x9ec1)
ENCORE_MAP_TARGET(0x9742, 0x8f32, 0x89c2, 0x9ed2)
ENCORE_MAP_TARGET(0x9753, 0x8f43, 0x89d3, 0x9ee3)
ENCORE_MAP_TARGET(0x9758, 0x8f48, 0x89d8, 0x9ee8)
ENCORE_MAP_TARGET(0x975d, 0x8f4d, 0x89dd, 0x9eed)
ENCORE_MAP_TARGET(0x9762, 0x8f52, 0x89e2, 0x9ef2)
ENCORE_MAP_TARGET(0x9767, 0x8f57, 0x89e7, 0x9ef7)
ENCORE_MAP_TARGET(0x9775, 0x8f65, 0x89f5, 0x9f05)
ENCORE_MAP_TARGET(0x9785, 0x8f75, 0x8a05, 0x9f15)
ENCORE_MAP_TARGET(0x9795, 0x8f85, 0x8a15, 0x9f25)
ENCORE_MAP_TARGET(0x97a5, 0x8f95, 0x8a25, 0x9f35)
ENCORE_MAP_TARGET(0x97b5, 0x8fa5, 0x8a35, 0x9f45)
ENCORE_MAP_TARGET(0x97c6, 0x8fb6, 0x8a46, 0x9f56)
ENCORE_MAP_TARGET(0x97d7, 0x8fc7, 0x8a57, 0x9f67)
ENCORE_MAP_TARGET(0x97e8, 0x8fd8, 0x8a68, 0x9f78)
ENCORE_MAP_TARGET(0x97f9, 0x8fe9, 0x8a79, 0x9f89)
ENCORE_MAP_TARGET(0x980a, 0x8ffa, 0x8a8a, 0x9f9a)
ENCORE_MAP_TARGET(0x981b, 0x900b, 0x8a9b, 0x9fab)
ENCORE_MAP_TARGET(0x982c, 0x901c, 0x8aac, 0x9fbc)
ENCORE_MAP_TARGET(0x983d, 0x902d, 0x8abd, 0x9fcd)
ENCORE_MAP_TARGET(0x984e, 0x903e, 0x8ace, 0x9fde)
ENCORE_MAP_TARGET(0x985f, 0x904f, 0x8adf, 0x9fef)
ENCORE_MAP_TARGET(0x9870, 0x9060, 0x8af0, 0xa000)
ENCORE_MAP_TARGET(0x9881, 0x9071, 0x8b01, 0xa011)
ENCORE_MAP_TARGET(0x9892, 0x9082, 0x8b12, 0xa022)
ENCORE_MAP_TARGET(0x98a3, 0x9093, 0x8b23, 0xa033)
ENCORE_MAP_TARGET(0x98b4, 0x90a4, 0x8b34, 0xa044)
ENCORE_MAP_TARGET(0x98c5, 0x90b5, 0x8b45, 0xa055)
ENCORE_MAP_TARGET(0x98d6, 0x90c6, 0x8b56, 0xa066)
ENCORE_MAP_TARGET(0x98e7, 0x90d7, 0x8b67, 0xa077)
ENCORE_MAP_TARGET(0x98f8, 0x90e8, 0x8b78, 0xa088)
ENCORE_MAP_TARGET(0x991c, 0x910c, 0x8b9c, 0xa0ac)
ENCORE_MAP_TARGET(0x9921, 0x9111, 0x8ba1, 0xa0b1)
ENCORE_MAP_TARGET(0x9926, 0x9116, 0x8ba6, 0xa0b6)
ENCORE_MAP_TARGET(0x9934, 0x9124, 0x8bb4, 0xa0c4)
ENCORE_MAP_TARGET(0x9942, 0x9132, 0x8bc2, 0xa0d2)
ENCORE_MAP_TARGET(0x9952, 0x9142, 0x8bd2, 0xa0e2)
ENCORE_MAP_TARGET(0x9962, 0x9152, 0x8be2, 0xa0f2)
ENCORE_MAP_TARGET(0x9972, 0x9162, 0x8bf2, 0xa102)
ENCORE_MAP_TARGET(0x9983, 0x9173, 0x8c03, 0xa113)
ENCORE_MAP_TARGET(0x9994, 0x9184, 0x8c14, 0xa124)
ENCORE_MAP_TARGET(0x99a5, 0x9195, 0x8c25, 0xa135)
ENCORE_MAP_TARGET(0x99b6, 0x91a6, 0x8c36, 0xa146)
ENCORE_MAP_TARGET(0x99c7, 0x91b7, 0x8c47, 0xa157)
ENCORE_MAP_TARGET(0x99d8, 0x91c8, 0x8c58, 0xa168)
ENCORE_MAP_TARGET(0x99e9, 0x91d9, 0x8c69, 0xa179)
ENCORE_MAP_TARGET(0x99fa, 0x91ea, 0x8c7a, 0xa18a)
ENCORE_MAP_TARGET(0x9a0b, 0x91fb, 0x8c8b, 0xa19b)
ENCORE_MAP_TARGET(0x9a1c, 0x920c, 0x8c9c, 0xa1ac)
ENCORE_MAP_TARGET(0x9a2d, 0x921d, 0x8cad, 0xa1bd)
ENCORE_MAP_TARGET(0x9a3e, 0x922e, 0x8cbe, 0xa1ce)
ENCORE_MAP_TARGET(0x9a4f, 0x923f, 0x8ccf, 0xa1df)
ENCORE_MAP_TARGET(0x9a60, 0x9250, 0x8ce0, 0xa1f0)
ENCORE_MAP_TARGET(0x9a71, 0x9261, 0x8cf1, 0xa201)
ENCORE_MAP_TARGET(0x9a82, 0x9272, 0x8d02, 0xa212)
ENCORE_MAP_TARGET(0x9a93, 0x9283, 0x8d13, 0xa223)
ENCORE_MAP_TARGET(0x9aa4, 0x9294, 0x8d24, 0xa234)
ENCORE_MAP_TARGET(0x9ab5, 0x92a5, 0x8d35, 0xa245)
ENCORE_MAP_TARGET(0x9aba, 0x92aa, 0x8d3a, 0xa24a)
ENCORE_MAP_TARGET(0x9abf, 0x92af, 0x8d3f, 0xa24f)
ENCORE_MAP_TARGET(0x9ac4, 0x92b4, 0x8d44, 0xa254)
ENCORE_MAP_TARGET(0x9ac9, 0x92b9, 0x8d49, 0xa259)
ENCORE_MAP_TARGET(0x9ad6, 0x92c6, 0x8d56, 0xa266)
ENCORE_MAP_TARGET(0x9ae4, 0x92d4, 0x8d64, 0xa274)
ENCORE_MAP_TARGET(0x9af4, 0x92e4, 0x8d74, 0xa284)
ENCORE_MAP_TARGET(0x9b04, 0x92f4, 0x8d84, 0xa294)
ENCORE_MAP_TARGET(0x9b14, 0x9304, 0x8d94, 0xa2a4)
ENCORE_MAP_TARGET(0x9b25, 0x9315, 0x8da5, 0xa2b5)
ENCORE_MAP_TARGET(0x9b36, 0x9326, 0x8db6, 0xa2c6)
ENCORE_MAP_TARGET(0x9b47, 0x9337, 0x8dc7, 0xa2d7)
ENCORE_MAP_TARGET(0x9b58, 0x9348, 0x8dd8, 0xa2e8)
ENCORE_MAP_TARGET(0x9b69, 0x9359, 0x8de9, 0xa2f9)
ENCORE_MAP_TARGET(0x9b7a, 0x936a, 0x8dfa, 0xa30a)
ENCORE_MAP_TARGET(0x9b8b, 0x937b, 0x8e0b, 0xa31b)
ENCORE_MAP_TARGET(0x9b9c, 0x938c, 0x8e1c, 0xa32c)
ENCORE_MAP_TARGET(0x9bad, 0x939d, 0x8e2d, 0xa33d)
ENCORE_MAP_TARGET(0x9bbe, 0x93ae, 0x8e3e, 0xa34e)
ENCORE_MAP_TARGET(0x9bcf, 0x93bf, 0x8e4f, 0xa35f)
ENCORE_MAP_TARGET(0x9be0, 0x93d0, 0x8e60, 0xa370)
ENCORE_MAP_TARGET(0x9bf1, 0x93e1, 0x8e71, 0xa381)
ENCORE_MAP_TARGET(0x9c02, 0x93f2, 0x8e82, 0xa392)
ENCORE_MAP_TARGET(0x9c13, 0x9403, 0x8e93, 0xa3a3)
ENCORE_MAP_TARGET(0x9c24, 0x9414, 0x8ea4, 0xa3b4)
ENCORE_MAP_TARGET(0x9c35, 0x9425, 0x8eb5, 0xa3c5)
ENCORE_MAP_TARGET(0x9c46, 0x9436, 0x8ec6, 0xa3d6)
ENCORE_MAP_TARGET(0x9c57, 0x9447, 0x8ed7, 0xa3e7)
ENCORE_MAP_TARGET(0x9c7b, 0x946b, 0x8efb, 0xa40b)
ENCORE_MAP_TARGET(0x9c80, 0x9470, 0x8f00, 0xa410)
ENCORE_MAP_TARGET(0x9c85, 0x9475, 0x8f05, 0xa415)
ENCORE_MAP_TARGET(0x9c93, 0x9483, 0x8f13, 0xa423)
ENCORE_MAP_TARGET(0x9ca3, 0x9493, 0x8f23, 0xa433)
ENCORE_MAP_TARGET(0x9cb3, 0x94a3, 0x8f33, 0xa443)
ENCORE_MAP_TARGET(0x9cc3, 0x94b3, 0x8f43, 0xa453)
ENCORE_MAP_TARGET(0x9cd3, 0x94c3, 0x8f53, 0xa463)
ENCORE_MAP_TARGET(0x9ce4, 0x94d4, 0x8f64, 0xa474)
ENCORE_MAP_TARGET(0x9cf5, 0x94e5, 0x8f75, 0xa485)
ENCORE_MAP_TARGET(0x9d06, 0x94f6, 0x8f86, 0xa496)
ENCORE_MAP_TARGET(0x9d17, 0x9507, 0x8f97, 0xa4a7)
ENCORE_MAP_TARGET(0x9d28, 0x9518, 0x8fa8, 0xa4b8)
ENCORE_MAP_TARGET(0x9d39, 0x9529, 0x8fb9, 0xa4c9)
ENCORE_MAP_TARGET(0x9d4a, 0x953a, 0x8fca, 0xa4da)
ENCORE_MAP_TARGET(0x9d5b, 0x954b, 0x8fdb, 0xa4eb)
ENCORE_MAP_TARGET(0x9d6c, 0x955c, 0x8fec, 0xa4fc)
ENCORE_MAP_TARGET(0x9d7d, 0x956d, 0x8ffd, 0xa50d)
ENCORE_MAP_TARGET(0x9d8e, 0x957e, 0x900e, 0xa51e)
ENCORE_MAP_TARGET(0x9d9f, 0x958f, 0x901f, 0xa52f)
ENCORE_MAP_TARGET(0x9db0, 0x95a0, 0x9030, 0xa540)
ENCORE_MAP_TARGET(0x9dc1, 0x95b1, 0x9041, 0xa551)
ENCORE_MAP_TARGET(0x9dd2, 0x95c2, 0x9052, 0xa562)
ENCORE_MAP_TARGET(0x9de3, 0x95d3, 0x9063, 0xa573)
ENCORE_MAP_TARGET(0x9df4, 0x95e4, 0x9074, 0xa584)
ENCORE_MAP_TARGET(0x9e05, 0x95f5, 0x9085, 0xa595)
ENCORE_MAP_TARGET(0x9e16, 0x9606, 0x9096, 0xa5a6)
ENCORE_MAP_TARGET(0x9e1b, 0x960b, 0x909b, 0xa5ab)
ENCORE_MAP_TARGET(0x9e20, 0x9610, 0x90a0, 0xa5b0)
ENCORE_MAP_TARGET(0x9e25, 0x9615, 0x90a5, 0xa5b5)
ENCORE_MAP_TARGET(0x9e2a, 0x961a, 0x90aa, 0xa5ba)
ENCORE_MAP_TARGET(0x9e37, 0x9627, 0x90b7, 0xa5c7)
ENCORE_MAP_TARGET(0x9e45, 0x9635, 0x90c5, 0xa5d5)
ENCORE_MAP_TARGET(0x9e55, 0x9645, 0x90d5, 0xa5e5)
ENCORE_MAP_TARGET(0x9e65, 0x9655, 0x90e5, 0xa5f5)
ENCORE_MAP_TARGET(0x9e76, 0x9666, 0x90f6, 0xa606)
ENCORE_MAP_TARGET(0x9e87, 0x9677, 0x9107, 0xa617)
ENCORE_MAP_TARGET(0x9e98, 0x9688, 0x9118, 0xa628)
ENCORE_MAP_TARGET(0x9ea9, 0x9699, 0x9129, 0xa639)
ENCORE_MAP_TARGET(0x9eba, 0x96aa, 0x913a, 0xa64a)
ENCORE_MAP_TARGET(0x9ecb, 0x96bb, 0x914b, 0xa65b)
ENCORE_MAP_TARGET(0x9edc, 0x96cc, 0x915c, 0xa66c)
ENCORE_MAP_TARGET(0x9eed, 0x96dd, 0x916d, 0xa67d)
ENCORE_MAP_TARGET(0x9efe, 0x96ee, 0x917e, 0xa68e)
ENCORE_MAP_TARGET(0x9f0f, 0x96ff, 0x918f, 0xa69f)
ENCORE_MAP_TARGET(0x9f20, 0x9710, 0x91a0, 0xa6b0)
ENCORE_MAP_TARGET(0x9f31, 0x9721, 0x91b1, 0xa6c1)
ENCORE_MAP_TARGET(0x9f42, 0x9732, 0x91c2, 0xa6d2)
ENCORE_MAP_TARGET(0x9f53, 0x9743, 0x91d3, 0xa6e3)
ENCORE_MAP_TARGET(0x9f64, 0x9754, 0x91e4, 0xa6f4)
ENCORE_MAP_TARGET(0x9f75, 0x9765, 0x91f5, 0xa705)
ENCORE_MAP_TARGET(0x9f99, 0x9789, 0x9219, 0xa729)
ENCORE_MAP_TARGET(0x9f9e, 0x978e, 0x921e, 0xa72e)
ENCORE_MAP_TARGET(0x9fa3, 0x9793, 0x9223, 0xa733)
ENCORE_MAP_TARGET(0x9fb1, 0x97a1, 0x9231, 0xa741)
ENCORE_MAP_TARGET(0x9fbf, 0x97af, 0x923f, 0xa74f)
ENCORE_MAP_TARGET(0x9fcf, 0x97bf, 0x924f, 0xa75f)
ENCORE_MAP_TARGET(0x9fdf, 0x97cf, 0x925f, 0xa76f)
ENCORE_MAP_TARGET(0x9fef, 0x97df, 0x926f, 0xa77f)
ENCORE_MAP_TARGET(0x9fff, 0x97ef, 0x927f, 0xa78f)
ENCORE_MAP_TARGET(0xa010, 0x9800, 0x9290, 0xa7a0)
ENCORE_MAP_TARGET(0xa021, 0x9811, 0x92a1, 0xa7b1)
ENCORE_MAP_TARGET(0xa032, 0x9822, 0x92b2, 0xa7c2)
ENCORE_MAP_TARGET(0xa043, 0x9833, 0x92c3, 0xa7d3)
ENCORE_MAP_TARGET(0xa054, 0x9844, 0x92d4, 0xa7e4)
ENCORE_MAP_TARGET(0xa065, 0x9855, 0x92e5, 0xa7f5)
ENCORE_MAP_TARGET(0xa076, 0x9866, 0x92f6, 0xa806)
ENCORE_MAP_TARGET(0xa087, 0x9877, 0x9307, 0xa817)
ENCORE_MAP_TARGET(0xa098, 0x9888, 0x9318, 0xa828)
ENCORE_MAP_TARGET(0xa0a9, 0x9899, 0x9329, 0xa839)
ENCORE_MAP_TARGET(0xa0ba, 0x98aa, 0x933a, 0xa84a)
ENCORE_MAP_TARGET(0xa0cb, 0x98bb, 0x934b, 0xa85b)
ENCORE_MAP_TARGET(0xa0dc, 0x98cc, 0x935c, 0xa86c)
ENCORE_MAP_TARGET(0xa0ed, 0x98dd, 0x936d, 0xa87d)
ENCORE_MAP_TARGET(0xa0fe, 0x98ee, 0x937e, 0xa88e)
ENCORE_MAP_TARGET(0xa10f, 0x98ff, 0x938f, 0xa89f)
ENCORE_MAP_TARGET(0xa120, 0x9910, 0x93a0, 0xa8b0)
ENCORE_MAP_TARGET(0xa131, 0x9921, 0x93b1, 0xa8c1)
ENCORE_MAP_TARGET(0xa142, 0x9932, 0x93c2, 0xa8d2)
ENCORE_MAP_TARGET(0xa153, 0x9943, 0x93d3, 0xa8e3)
ENCORE_MAP_TARGET(0xa158, 0x9948, 0x93d8, 0xa8e8)
ENCORE_MAP_TARGET(0xa15d, 0x994d, 0x93dd, 0xa8ed)
ENCORE_MAP_TARGET(0xa162, 0x9952, 0x93e2, 0xa8f2)
ENCORE_MAP_TARGET(0xa167, 0x9957, 0x93e7, 0xa8f7)
ENCORE_MAP_TARGET(0xa174, 0x9964, 0x93f4, 0xa904)
ENCORE_MAP_TARGET(0xa182, 0x9972, 0x9402, 0xa912)
ENCORE_MAP_TARGET(0xa192, 0x9982, 0x9412, 0xa922)
ENCORE_MAP_TARGET(0xa1a2, 0x9992, 0x9422, 0xa932)
ENCORE_MAP_TARGET(0xa1b3, 0x99a3, 0x9433, 0xa943)
ENCORE_MAP_TARGET(0xa1c4, 0x99b4, 0x9444, 0xa954)
ENCORE_MAP_TARGET(0xa1d5, 0x99c5, 0x9455, 0xa965)
ENCORE_MAP_TARGET(0xa1e6, 0x99d6, 0x9466, 0xa976)
ENCORE_MAP_TARGET(0xa1f7, 0x99e7, 0x9477, 0xa987)
ENCORE_MAP_TARGET(0xa208, 0x99f8, 0x9488, 0xa998)
ENCORE_MAP_TARGET(0xa219, 0x9a09, 0x9499, 0xa9a9)
ENCORE_MAP_TARGET(0xa22a, 0x9a1a, 0x94aa, 0xa9ba)
ENCORE_MAP_TARGET(0xa23b, 0x9a2b, 0x94bb, 0xa9cb)
ENCORE_MAP_TARGET(0xa24c, 0x9a3c, 0x94cc, 0xa9dc)
ENCORE_MAP_TARGET(0xa25d, 0x9a4d, 0x94dd, 0xa9ed)
ENCORE_MAP_TARGET(0xa263, 0x9a53, 0x94e3, 0xa9f3)
ENCORE_MAP_TARGET(0xa287, 0x9a77, 0x9507, 0xaa17)
ENCORE_MAP_TARGET(0xa291, 0x9a81, 0x9511, 0xaa21)
ENCORE_MAP_TARGET(0xa29c, 0x9a8c, 0x951c, 0xaa2c)
ENCORE_MAP_TARGET(0xa2a7, 0x9a97, 0x9527, 0xaa37)
ENCORE_MAP_TARGET(0xa2b3, 0x9aa3, 0x9533, 0xaa43)
ENCORE_MAP_TARGET(0xa2bf, 0x9aaf, 0x953f, 0xaa4f)
ENCORE_MAP_TARGET(0xa2cb, 0x9abb, 0x954b, 0xaa5b)
ENCORE_MAP_TARGET(0xa2d7, 0x9ac7, 0x9557, 0xaa67)
ENCORE_MAP_TARGET(0xa2e3, 0x9ad3, 0x9563, 0xaa73)
ENCORE_MAP_TARGET(0xa2ef, 0x9adf, 0x956f, 0xaa7f)
ENCORE_MAP_TARGET(0xa2fb, 0x9aeb, 0x957b, 0xaa8b)
ENCORE_MAP_TARGET(0xa307, 0x9af7, 0x9587, 0xaa97)
ENCORE_MAP_TARGET(0xa313, 0x9b03, 0x9593, 0xaaa3)
ENCORE_MAP_TARGET(0xa31f, 0x9b0f, 0x959f, 0xaaaf)
ENCORE_MAP_TARGET(0xa32b, 0x9b1b, 0x95ab, 0xaabb)
ENCORE_MAP_TARGET(0xa337, 0x9b27, 0x95b7, 0xaac7)
ENCORE_MAP_TARGET(0xa343, 0x9b33, 0x95c3, 0xaad3)
ENCORE_MAP_TARGET(0xa34f, 0x9b3f, 0x95cf, 0xaadf)
ENCORE_MAP_TARGET(0xa35b, 0x9b4b, 0x95db, 0xaaeb)
ENCORE_MAP_TARGET(0xa367, 0x9b57, 0x95e7, 0xaaf7)
ENCORE_MAP_TARGET(0xa36c, 0x9b5c, 0x95ec, 0xaafc)
ENCORE_MAP_TARGET(0xa371, 0x9b61, 0x95f1, 0xab01)
ENCORE_MAP_TARGET(0xa376, 0x9b66, 0x95f6, 0xab06)
ENCORE_MAP_TARGET(0xa37b, 0x9b6b, 0x95fb, 0xab0b)
ENCORE_MAP_TARGET(0xa385, 0x9b75, 0x9605, 0xab15)
ENCORE_MAP_TARGET(0xa390, 0x9b80, 0x9610, 0xab20)
ENCORE_MAP_TARGET(0xa39b, 0x9b8b, 0x961b, 0xab2b)
ENCORE_MAP_TARGET(0xa3a6, 0x9b96, 0x9626, 0xab36)
ENCORE_MAP_TARGET(0xa3b1, 0x9ba1, 0x9631, 0xab41)
ENCORE_MAP_TARGET(0xa3bd, 0x9bad, 0x963d, 0xab4d)
ENCORE_MAP_TARGET(0xa3c9, 0x9bb9, 0x9649, 0xab59)
ENCORE_MAP_TARGET(0xa3d5, 0x9bc5, 0x9655, 0xab65)
ENCORE_MAP_TARGET(0xa3e1, 0x9bd1, 0x9661, 0xab71)
ENCORE_MAP_TARGET(0xa3ed, 0x9bdd, 0x966d, 0xab7d)
ENCORE_MAP_TARGET(0xa3f9, 0x9be9, 0x9679, 0xab89)
ENCORE_MAP_TARGET(0xa405, 0x9bf5, 0x9685, 0xab95)
ENCORE_MAP_TARGET(0xa411, 0x9c01, 0x9691, 0xaba1)
ENCORE_MAP_TARGET(0xa41d, 0x9c0d, 0x969d, 0xabad)
ENCORE_MAP_TARGET(0xa429, 0x9c19, 0x96a9, 0xabb9)
ENCORE_MAP_TARGET(0xa435, 0x9c25, 0x96b5, 0xabc5)
ENCORE_MAP_TARGET(0xa441, 0x9c31, 0x96c1, 0xabd1)
ENCORE_MAP_TARGET(0xa44d, 0x9c3d, 0x96cd, 0xabdd)
ENCORE_MAP_TARGET(0xa459, 0x9c49, 0x96d9, 0xabe9)
ENCORE_MAP_TARGET(0xa465, 0x9c55, 0x96e5, 0xabf5)
ENCORE_MAP_TARGET(0xa471, 0x9c61, 0x96f1, 0xac01)
ENCORE_MAP_TARGET(0xa47d, 0x9c6d, 0x96fd, 0xac0d)
ENCORE_MAP_TARGET(0xa489, 0x9c79, 0x9709, 0xac19)
ENCORE_MAP_TARGET(0xa495, 0x9c85, 0x9715, 0xac25)
ENCORE_MAP_TARGET(0xa4b9, 0x9ca9, 0x9739, 0xac49)
ENCORE_MAP_TARGET(0xa4be, 0x9cae, 0x973e, 0xac4e)
ENCORE_MAP_TARGET(0xa4c3, 0x9cb3, 0x9743, 0xac53)
ENCORE_MAP_TARGET(0xa4cd, 0x9cbd, 0x974d, 0xac5d)
ENCORE_MAP_TARGET(0xa4d7, 0x9cc7, 0x9757, 0xac67)
ENCORE_MAP_TARGET(0xa4e2, 0x9cd2, 0x9762, 0xac72)
ENCORE_MAP_TARGET(0xa4ed, 0x9cdd, 0x976d, 0xac7d)
ENCORE_MAP_TARGET(0xa4f8, 0x9ce8, 0x9778, 0xac88)
ENCORE_MAP_TARGET(0xa504, 0x9cf4, 0x9784, 0xac94)
ENCORE_MAP_TARGET(0xa510, 0x9d00, 0x9790, 0xaca0)
ENCORE_MAP_TARGET(0xa51c, 0x9d0c, 0x979c, 0xacac)
ENCORE_MAP_TARGET(0xa528, 0x9d18, 0x97a8, 0xacb8)
ENCORE_MAP_TARGET(0xa534, 0x9d24, 0x97b4, 0xacc4)
ENCORE_MAP_TARGET(0xa540, 0x9d30, 0x97c0, 0xacd0)
ENCORE_MAP_TARGET(0xa54c, 0x9d3c, 0x97cc, 0xacdc)
ENCORE_MAP_TARGET(0xa558, 0x9d48, 0x97d8, 0xace8)
ENCORE_MAP_TARGET(0xa564, 0x9d54, 0x97e4, 0xacf4)
ENCORE_MAP_TARGET(0xa570, 0x9d60, 0x97f0, 0xad00)
ENCORE_MAP_TARGET(0xa57c, 0x9d6c, 0x97fc, 0xad0c)
ENCORE_MAP_TARGET(0xa588, 0x9d78, 0x9808, 0xad18)
ENCORE_MAP_TARGET(0xa594, 0x9d84, 0x9814, 0xad24)
ENCORE_MAP_TARGET(0xa5a0, 0x9d90, 0x9820, 0xad30)
ENCORE_MAP_TARGET(0xa5ac, 0x9d9c, 0x982c, 0xad3c)
ENCORE_MAP_TARGET(0xa5b8, 0x9da8, 0x9838, 0xad48)
ENCORE_MAP_TARGET(0xa5c4, 0x9db4, 0x9844, 0xad54)
ENCORE_MAP_TARGET(0xa5d0, 0x9dc0, 0x9850, 0xad60)
ENCORE_MAP_TARGET(0xa5dc, 0x9dcc, 0x985c, 0xad6c)
ENCORE_MAP_TARGET(0xa5e1, 0x9dd1, 0x9861, 0xad71)
ENCORE_MAP_TARGET(0xa5e6, 0x9dd6, 0x9866, 0xad76)
ENCORE_MAP_TARGET(0xa5eb, 0x9ddb, 0x986b, 0xad7b)
ENCORE_MAP_TARGET(0xa5f0, 0x9de0, 0x9870, 0xad80)
ENCORE_MAP_TARGET(0xa5f9, 0x9de9, 0x9879, 0xad89)
ENCORE_MAP_TARGET(0xa603, 0x9df3, 0x9883, 0xad93)
ENCORE_MAP_TARGET(0xa60e, 0x9dfe, 0x988e, 0xad9e)
ENCORE_MAP_TARGET(0xa619, 0x9e09, 0x9899, 0xada9)
ENCORE_MAP_TARGET(0xa624, 0x9e14, 0x98a4, 0xadb4)
ENCORE_MAP_TARGET(0xa630, 0x9e20, 0x98b0, 0xadc0)
ENCORE_MAP_TARGET(0xa63c, 0x9e2c, 0x98bc, 0xadcc)
ENCORE_MAP_TARGET(0xa648, 0x9e38, 0x98c8, 0xadd8)
ENCORE_MAP_TARGET(0xa654, 0x9e44, 0x98d4, 0xade4)
ENCORE_MAP_TARGET(0xa660, 0x9e50, 0x98e0, 0xadf0)
ENCORE_MAP_TARGET(0xa66c, 0x9e5c, 0x98ec, 0xadfc)
ENCORE_MAP_TARGET(0xa678, 0x9e68, 0x98f8, 0xae08)
ENCORE_MAP_TARGET(0xa684, 0x9e74, 0x9904, 0xae14)
ENCORE_MAP_TARGET(0xa690, 0x9e80, 0x9910, 0xae20)
ENCORE_MAP_TARGET(0xa69c, 0x9e8c, 0x991c, 0xae2c)
ENCORE_MAP_TARGET(0xa6a8, 0x9e98, 0x9928, 0xae38)
ENCORE_MAP_TARGET(0xa6b4, 0x9ea4, 0x9934, 0xae44)
ENCORE_MAP_TARGET(0xa6c0, 0x9eb0, 0x9940, 0xae50)
ENCORE_MAP_TARGET(0xa6cc, 0x9ebc, 0x994c, 0xae5c)
ENCORE_MAP_TARGET(0xa6d8, 0x9ec8, 0x9958, 0xae68)
ENCORE_MAP_TARGET(0xa6e4, 0x9ed4, 0x9964, 0xae74)
ENCORE_MAP_TARGET(0xa6f0, 0x9ee0, 0x9970, 0xae80)
ENCORE_MAP_TARGET(0xa6fc, 0x9eec, 0x997c, 0xae8c)
ENCORE_MAP_TARGET(0xa708, 0x9ef8, 0x9988, 0xae98)
ENCORE_MAP_TARGET(0xa72c, 0x9f1c, 0x99ac, 0xaebc)
ENCORE_MAP_TARGET(0xa731, 0x9f21, 0x99b1, 0xaec1)
ENCORE_MAP_TARGET(0xa736, 0x9f26, 0x99b6, 0xaec6)
ENCORE_MAP_TARGET(0xa740, 0x9f30, 0x99c0, 0xaed0)
ENCORE_MAP_TARGET(0xa74b, 0x9f3b, 0x99cb, 0xaedb)
ENCORE_MAP_TARGET(0xa756, 0x9f46, 0x99d6, 0xaee6)
ENCORE_MAP_TARGET(0xa761, 0x9f51, 0x99e1, 0xaef1)
ENCORE_MAP_TARGET(0xa76c, 0x9f5c, 0x99ec, 0xaefc)
ENCORE_MAP_TARGET(0xa778, 0x9f68, 0x99f8, 0xaf08)
ENCORE_MAP_TARGET(0xa784, 0x9f74, 0x9a04, 0xaf14)
ENCORE_MAP_TARGET(0xa790, 0x9f80, 0x9a10, 0xaf20)
ENCORE_MAP_TARGET(0xa79c, 0x9f8c, 0x9a1c, 0xaf2c)
ENCORE_MAP_TARGET(0xa7a8, 0x9f98, 0x9a28, 0xaf38)
ENCORE_MAP_TARGET(0xa7b4, 0x9fa4, 0x9a34, 0xaf44)
ENCORE_MAP_TARGET(0xa7c0, 0x9fb0, 0x9a40, 0xaf50)
ENCORE_MAP_TARGET(0xa7cc, 0x9fbc, 0x9a4c, 0xaf5c)
ENCORE_MAP_TARGET(0xa7d8, 0x9fc8, 0x9a58, 0xaf68)
ENCORE_MAP_TARGET(0xa7e4, 0x9fd4, 0x9a64, 0xaf74)
ENCORE_MAP_TARGET(0xa7f0, 0x9fe0, 0x9a70, 0xaf80)
ENCORE_MAP_TARGET(0xa7fc, 0x9fec, 0x9a7c, 0xaf8c)
ENCORE_MAP_TARGET(0xa808, 0x9ff8, 0x9a88, 0xaf98)
ENCORE_MAP_TARGET(0xa814, 0xa004, 0x9a94, 0xafa4)
ENCORE_MAP_TARGET(0xa820, 0xa010, 0x9aa0, 0xafb0)
ENCORE_MAP_TARGET(0xa82c, 0xa01c, 0x9aac, 0xafbc)
ENCORE_MAP_TARGET(0xa838, 0xa028, 0x9ab8, 0xafc8)
ENCORE_MAP_TARGET(0xa844, 0xa034, 0x9ac4, 0xafd4)
ENCORE_MAP_TARGET(0xa850, 0xa040, 0x9ad0, 0xafe0)
ENCORE_MAP_TARGET(0xa855, 0xa045, 0x9ad5, 0xafe5)
ENCORE_MAP_TARGET(0xa85a, 0xa04a, 0x9ada, 0xafea)
ENCORE_MAP_TARGET(0xa85f, 0xa04f, 0x9adf, 0xafef)
ENCORE_MAP_TARGET(0xa864, 0xa054, 0x9ae4, 0xaff4)
ENCORE_MAP_TARGET(0xa86d, 0xa05d, 0x9aed, 0xaffd)
ENCORE_MAP_TARGET(0xa877, 0xa067, 0x9af7, 0xb007)
ENCORE_MAP_TARGET(0xa882, 0xa072, 0x9b02, 0xb012)
ENCORE_MAP_TARGET(0xa88d, 0xa07d, 0x9b0d, 0xb01d)
ENCORE_MAP_TARGET(0xa899, 0xa089, 0x9b19, 0xb029)
ENCORE_MAP_TARGET(0xa8a5, 0xa095, 0x9b25, 0xb035)
ENCORE_MAP_TARGET(0xa8b1, 0xa0a1, 0x9b31, 0xb041)
ENCORE_MAP_TARGET(0xa8bd, 0xa0ad, 0x9b3d, 0xb04d)
ENCORE_MAP_TARGET(0xa8c9, 0xa0b9, 0x9b49, 0xb059)
ENCORE_MAP_TARGET(0xa8d5, 0xa0c5, 0x9b55, 0xb065)
ENCORE_MAP_TARGET(0xa8e1, 0xa0d1, 0x9b61, 0xb071)
ENCORE_MAP_TARGET(0xa8ed, 0xa0dd, 0x9b6d, 0xb07d)
ENCORE_MAP_TARGET(0xa8f9, 0xa0e9, 0x9b79, 0xb089)
ENCORE_MAP_TARGET(0xa905, 0xa0f5, 0x9b85, 0xb095)
ENCORE_MAP_TARGET(0xa911, 0xa101, 0x9b91, 0xb0a1)
ENCORE_MAP_TARGET(0xa91d, 0xa10d, 0x9b9d, 0xb0ad)
ENCORE_MAP_TARGET(0xa929, 0xa119, 0x9ba9, 0xb0b9)
ENCORE_MAP_TARGET(0xa935, 0xa125, 0x9bb5, 0xb0c5)
ENCORE_MAP_TARGET(0xa941, 0xa131, 0x9bc1, 0xb0d1)
ENCORE_MAP_TARGET(0xa94d, 0xa13d, 0x9bcd, 0xb0dd)
ENCORE_MAP_TARGET(0xa971, 0xa161, 0x9bf1, 0xb101)
ENCORE_MAP_TARGET(0xa976, 0xa166, 0x9bf6, 0xb106)
ENCORE_MAP_TARGET(0xa97b, 0xa16b, 0x9bfb, 0xb10b)
ENCORE_MAP_TARGET(0xa985, 0xa175, 0x9c05, 0xb115)
ENCORE_MAP_TARGET(0xa98f, 0xa17f, 0x9c0f, 0xb11f)
ENCORE_MAP_TARGET(0xa99a, 0xa18a, 0x9c1a, 0xb12a)
ENCORE_MAP_TARGET(0xa9a5, 0xa195, 0x9c25, 0xb135)
ENCORE_MAP_TARGET(0xa9b0, 0xa1a0, 0x9c30, 0xb140)
ENCORE_MAP_TARGET(0xa9bb, 0xa1ab, 0x9c3b, 0xb14b)
ENCORE_MAP_TARGET(0xa9c7, 0xa1b7, 0x9c47, 0xb157)
ENCORE_MAP_TARGET(0xa9d3, 0xa1c3, 0x9c53, 0xb163)
ENCORE_MAP_TARGET(0xa9df, 0xa1cf, 0x9c5f, 0xb16f)
ENCORE_MAP_TARGET(0xa9eb, 0xa1db, 0x9c6b, 0xb17b)
ENCORE_MAP_TARGET(0xa9f7, 0xa1e7, 0x9c77, 0xb187)
ENCORE_MAP_TARGET(0xaa03, 0xa1f3, 0x9c83, 0xb193)
ENCORE_MAP_TARGET(0xaa0f, 0xa1ff, 0x9c8f, 0xb19f)
ENCORE_MAP_TARGET(0xaa1b, 0xa20b, 0x9c9b, 0xb1ab)
ENCORE_MAP_TARGET(0xaa27, 0xa217, 0x9ca7, 0xb1b7)
ENCORE_MAP_TARGET(0xaa33, 0xa223, 0x9cb3, 0xb1c3)
ENCORE_MAP_TARGET(0xaa3f, 0xa22f, 0x9cbf, 0xb1cf)
ENCORE_MAP_TARGET(0xaa4b, 0xa23b, 0x9ccb, 0xb1db)
ENCORE_MAP_TARGET(0xaa57, 0xa247, 0x9cd7, 0xb1e7)
ENCORE_MAP_TARGET(0xaa63, 0xa253, 0x9ce3, 0xb1f3)
ENCORE_MAP_TARGET(0xaa6f, 0xa25f, 0x9cef, 0xb1ff)
ENCORE_MAP_TARGET(0xaa7b, 0xa26b, 0x9cfb, 0xb20b)
ENCORE_MAP_TARGET(0xaa87, 0xa277, 0x9d07, 0xb217)
ENCORE_MAP_TARGET(0xaa93, 0xa283, 0x9d13, 0xb223)
ENCORE_MAP_TARGET(0xaa9f, 0xa28f, 0x9d1f, 0xb22f)
ENCORE_MAP_TARGET(0xaaab, 0xa29b, 0x9d2b, 0xb23b)
ENCORE_MAP_TARGET(0xaab0, 0xa2a0, 0x9d30, 0xb240)
ENCORE_MAP_TARGET(0xaab5, 0xa2a5, 0x9d35, 0xb245)
ENCORE_MAP_TARGET(0xaaba, 0xa2aa, 0x9d3a, 0xb24a)
ENCORE_MAP_TARGET(0xaabf, 0xa2af, 0x9d3f, 0xb24f)
ENCORE_MAP_TARGET(0xaac8, 0xa2b8, 0x9d48, 0xb258)
ENCORE_MAP_TARGET(0xaad2, 0xa2c2, 0x9d52, 0xb262)
ENCORE_MAP_TARGET(0xaadd, 0xa2cd, 0x9d5d, 0xb26d)
ENCORE_MAP_TARGET(0xaae8, 0xa2d8, 0x9d68, 0xb278)
ENCORE_MAP_TARGET(0xaaf4, 0xa2e4, 0x9d74, 0xb284)
ENCORE_MAP_TARGET(0xab00, 0xa2f0, 0x9d80, 0xb290)
ENCORE_MAP_TARGET(0xab0c, 0xa2fc, 0x9d8c, 0xb29c)
ENCORE_MAP_TARGET(0xab18, 0xa308, 0x9d98, 0xb2a8)
ENCORE_MAP_TARGET(0xab24, 0xa314, 0x9da4, 0xb2b4)
ENCORE_MAP_TARGET(0xab30, 0xa320, 0x9db0, 0xb2c0)
ENCORE_MAP_TARGET(0xab3c, 0xa32c, 0x9dbc, 0xb2cc)
ENCORE_MAP_TARGET(0xab48, 0xa338, 0x9dc8, 0xb2d8)
ENCORE_MAP_TARGET(0xab54, 0xa344, 0x9dd4, 0xb2e4)
ENCORE_MAP_TARGET(0xab60, 0xa350, 0x9de0, 0xb2f0)
ENCORE_MAP_TARGET(0xab6c, 0xa35c, 0x9dec, 0xb2fc)
ENCORE_MAP_CODE(1, 0x0023, 0x0053, 0x000e)
ENCORE_MAP_CODE(1, 0x006e, 0x008c, 0x005f)
ENCORE_MAP_CODE(1, 0x00f6, 0x011a, 0x007f)
ENCORE_MAP_CODE(1, 0x0147, 0x0163, 0x00c0)
ENCORE_MAP_CODE(1, 0x01fb, 0x0278, 0x015b)
ENCORE_MAP_CODE(1, 0x02ea, 0x0314, 0x01ea)
ENCORE_MAP_CODE(1, 0x0317, 0x042b, 0x022f)
ENCORE_MAP_CODE(1, 0x047a, 0x061e, 0x0344)
ENCORE_MAP_CODE(1, 0x0625, 0x06bf, 0x04ef)
ENCORE_MAP_CODE(1, 0x06c0, 0x072f, 0x0590)
ENCORE_MAP_CODE(1, 0x0742, 0x075f, 0x064f)
ENCORE_MAP_CODE(1, 0x0762, 0x07e4, 0x0673)
ENCORE_MAP_CODE(1, 0x07e5, 0x0869, 0x072e)
ENCORE_MAP_CODE(1, 0x086f, 0x0879, 0x07c6)
ENCORE_MAP_CODE(1, 0x089f, 0x08aa, 0x07e4)
ENCORE_MAP_CODE(1, 0x08c4, 0x0900, 0x07fa)
ENCORE_MAP_CODE(1, 0x0917, 0x09b5, 0x0838)
ENCORE_MAP_CODE(1, 0x09b7, 0x0a18, 0x08d7)
ENCORE_MAP_CODE(1, 0x0a19, 0x0a58, 0x093a)
ENCORE_MAP_CODE(1, 0x0a62, 0x0a7a, 0x097e)
ENCORE_MAP_CODE(1, 0x0a82, 0x0ace, 0x099d)
ENCORE_MAP_CODE(1, 0x0ad6, 0x0b08, 0x09f0)
ENCORE_MAP_CODE(1, 0x0b16, 0x0b3a, 0x0a33)
ENCORE_MAP_CODE(1, 0x0b41, 0x0ba4, 0x0a78)
ENCORE_MAP_CODE(1, 0x0bb4, 0x0d45, 0x0adc)
ENCORE_MAP_CODE(1, 0x0d48, 0x0d55, 0x0c84)
ENCORE_MAP_CODE(1, 0x0e26, 0x0e65, 0x0c93)
ENCORE_MAP_CODE(1, 0x0e73, 0x0e81, 0x0f8e)
ENCORE_MAP_CODE(1, 0x0f52, 0x0f79, 0x0f9e)
ENCORE_MAP_CODE(1, 0x10f9, 0x110a, 0x1093)
ENCORE_MAP_CODE(1, 0x1174, 0x1184, 0x120a)
ENCORE_MAP_CODE(1, 0x118d, 0x1199, 0x1253)
ENCORE_MAP_CODE(1, 0x119f, 0x11ad, 0x1263)
ENCORE_MAP_CODE(1, 0x12ca, 0x12da, 0x13f3)
ENCORE_MAP_CODE(1, 0x1336, 0x1344, 0x140f)
ENCORE_MAP_CODE(1, 0x138d, 0x13a5, 0x142c)
ENCORE_MAP_CODE(1, 0x15a0, 0x15ac, 0x1461)
ENCORE_MAP_CODE(1, 0x15af, 0x15c7, 0x14a0)
ENCORE_MAP_CODE(1, 0x199d, 0x19b2, 0x14d5)
ENCORE_MAP_CODE(1, 0x1cfc, 0x1d0d, 0x1509)
ENCORE_MAP_CODE(1, 0x1fa1, 0x1fe5, 0x1537)
ENCORE_MAP_CODE(1, 0x2033, 0x2054, 0x1769)
ENCORE_MAP_CODE(1, 0x2090, 0x20a6, 0x1825)
ENCORE_MAP_CODE(1, 0x20e1, 0x20ef, 0x1a11)
ENCORE_MAP_CODE(1, 0x2134, 0x225a, 0x1a26)
ENCORE_MAP_CODE(1, 0x2263, 0x2292, 0x2157)
ENCORE_MAP_CODE(1, 0x2312, 0x231d, 0x21b7)
ENCORE_MAP_CODE(1, 0x232a, 0x2337, 0x229f)
ENCORE_MAP_CODE(1, 0x25ea, 0x25f6, 0x22fb)
ENCORE_MAP_CODE(1, 0x26b0, 0x26bd, 0x232a)
ENCORE_MAP_CODE(1, 0x2b31, 0x2b4e, 0x241a)
ENCORE_MAP_CODE(1, 0x2b99, 0x2bf7, 0x24da)
ENCORE_MAP_CODE(1, 0x2bfd, 0x2c2c, 0x2539)
ENCORE_MAP_CODE(1, 0x2c57, 0x2ccc, 0x258c)
ENCORE_MAP_CODE(1, 0x2cfd, 0x2d3c, 0x2602)
ENCORE_MAP_CODE(1, 0x2d3f, 0x2de0, 0x2674)
ENCORE_MAP_CODE(1, 0x2ecc, 0x2ee5, 0x271f)
ENCORE_MAP_CODE(1, 0x2f2a, 0x2f34, 0x2745)
ENCORE_MAP_CODE(1, 0x2f96, 0x336d, 0x2795)
ENCORE_MAP_CODE(1, 0x3374, 0x3a36, 0x2b73)
ENCORE_MAP_CODE(1, 0x3a3a, 0x3a5f, 0x3239)
ENCORE_MAP_CODE(1, 0x3a66, 0x52d7, 0x3265)
ENCORE_MAP_CODE(1, 0x52df, 0x5318, 0x4ad9)
ENCORE_MAP_CODE(1, 0x5321, 0x5357, 0x4b1b)
ENCORE_MAP_CODE(1, 0x535a, 0x7094, 0x4b54)
ENCORE_MAP_CODE(1, 0x709f, 0xab6f, 0x688f)
ENCORE_MAP_CODE(2, 0x0016, 0x0021, 0x002a)
ENCORE_MAP_CODE(2, 0x003b, 0x0053, 0x00f8)
ENCORE_MAP_CODE(2, 0x01fb, 0x0278, 0x0136)
ENCORE_MAP_CODE(2, 0x02e4, 0x042b, 0x01c5)
ENCORE_MAP_CODE(2, 0x047a, 0x0732, 0x030d)
ENCORE_MAP_CODE(2, 0x0742, 0x07eb, 0x05d5)
ENCORE_MAP_CODE(2, 0x07f1, 0x0869, 0x06dc)
ENCORE_MAP_CODE(2, 0x0895, 0x08aa, 0x075a)
ENCORE_MAP_CODE(2, 0x08bd, 0x090a, 0x0770)
ENCORE_MAP_CODE(2, 0x0917, 0x09b5, 0x07c3)
ENCORE_MAP_CODE(2, 0x09b7, 0x0a18, 0x0862)
ENCORE_MAP_CODE(2, 0x0a19, 0x0a55, 0x08c5)
ENCORE_MAP_CODE(2, 0x0a5d, 0x0b10, 0x0904)
ENCORE_MAP_CODE(2, 0x0b16, 0x0b34, 0x09ba)
ENCORE_MAP_CODE(2, 0x0b41, 0x0ba4, 0x09fb)
ENCORE_MAP_CODE(2, 0x0bb4, 0x0bdc, 0x0a5f)
ENCORE_MAP_CODE(2, 0x0bee, 0x0c41, 0x0a8a)
ENCORE_MAP_CODE(2, 0x0c57, 0x0d45, 0x0ae4)
ENCORE_MAP_CODE(2, 0x0d48, 0x0d55, 0x0be9)
ENCORE_MAP_CODE(2, 0x0e73, 0x0e81, 0x0c87)
ENCORE_MAP_CODE(2, 0x0f9f, 0x0fbb, 0x0cd6)
ENCORE_MAP_CODE(2, 0x0fd6, 0x0fe6, 0x0cfd)
ENCORE_MAP_CODE(2, 0x1114, 0x111f, 0x0e6e)
ENCORE_MAP_CODE(2, 0x1126, 0x1163, 0x11a6)
ENCORE_MAP_CODE(2, 0x1174, 0x1183, 0x11e6)
ENCORE_MAP_CODE(2, 0x11f0, 0x1208, 0x11f6)
ENCORE_MAP_CODE(2, 0x1a2e, 0x1a65, 0x124c)
ENCORE_MAP_CODE(2, 0x1a6c, 0x1aa0, 0x1532)
ENCORE_MAP_CODE(2, 0x1b4c, 0x1b54, 0x15aa)
ENCORE_MAP_CODE(2, 0x2134, 0x2134, 0x15d6)
ENCORE_MAP_CODE(2, 0x2137, 0x2185, 0x15d8)
ENCORE_MAP_CODE(2, 0x21da, 0x21e8, 0x1643)
ENCORE_MAP_CODE(2, 0x2203, 0x223d, 0x166a)
ENCORE_MAP_CODE(2, 0x2249, 0x2254, 0x16a7)
ENCORE_MAP_CODE(2, 0x22a8, 0x22e7, 0x16d2)
ENCORE_MAP_CODE(2, 0x2314, 0x231d, 0x177e)
ENCORE_MAP_CODE(2, 0x2326, 0x2333, 0x1813)
ENCORE_MAP_CODE(2, 0x23ac, 0x23bb, 0x1952)
ENCORE_MAP_CODE(2, 0x23d5, 0x23df, 0x1b0b)
ENCORE_MAP_CODE(2, 0x23e5, 0x23ef, 0x1b6d)
ENCORE_MAP_CODE(2, 0x24bc, 0x24f1, 0x1cd9)
ENCORE_MAP_CODE(2, 0x24fd, 0x250f, 0x1d15)
ENCORE_MAP_CODE(2, 0x257f, 0x2591, 0x1d30)
ENCORE_MAP_CODE(2, 0x260b, 0x2614, 0x1d84)
ENCORE_MAP_CODE(2, 0x2ac0, 0x2aca, 0x1d9d)
ENCORE_MAP_CODE(2, 0x2ace, 0x2ad8, 0x1dd9)
ENCORE_MAP_CODE(2, 0x2b31, 0x2b4e, 0x1e15)
ENCORE_MAP_CODE(2, 0x2b52, 0x2b52, 0x1eee)
ENCORE_MAP_CODE(2, 0x2b58, 0x2b5f, 0x1ef3)
ENCORE_MAP_CODE(2, 0x2b79, 0x2b85, 0x1f1c)
ENCORE_MAP_CODE(2, 0x2bd0, 0x2bf3, 0x1f3f)
ENCORE_MAP_CODE(2, 0x2c02, 0x2c40, 0x1fed)
ENCORE_MAP_CODE(2, 0x2c57, 0x2ccc, 0x202e)
ENCORE_MAP_CODE(2, 0x2cfd, 0x2d24, 0x20a4)
ENCORE_MAP_CODE(2, 0x2d30, 0x2d68, 0x2111)
ENCORE_MAP_CODE(2, 0x2d8e, 0x2de0, 0x2156)
ENCORE_MAP_CODE(2, 0x2ecc, 0x2ee5, 0x21b2)
ENCORE_MAP_CODE(2, 0x2f2a, 0x2f34, 0x21d8)
ENCORE_MAP_CODE(2, 0x2f8f, 0x336c, 0x221d)
ENCORE_MAP_CODE(2, 0x3374, 0x3a36, 0x2602)
ENCORE_MAP_CODE(2, 0x3a3d, 0x3a5f, 0x2ccb)
ENCORE_MAP_CODE(2, 0x3a66, 0x52d7, 0x2cf4)
ENCORE_MAP_CODE(2, 0x52df, 0x5318, 0x4568)
ENCORE_MAP_CODE(2, 0x5321, 0x5357, 0x45aa)
ENCORE_MAP_CODE(2, 0x535a, 0x7095, 0x45e3)
ENCORE_MAP_CODE(2, 0x70a1, 0xab6f, 0x6321)
ENCORE_MAP_CODE(3, 0x0010, 0x0021, 0x0008)
ENCORE_MAP_CODE(3, 0x0026, 0x0053, 0x001b)
ENCORE_MAP_CODE(3, 0x0054, 0x0066, 0x0065)
ENCORE_MAP_CODE(3, 0x00c3, 0x00dd, 0x00bc)
ENCORE_MAP_CODE(3, 0x0101, 0x0169, 0x013d)
ENCORE_MAP_CODE(3, 0x016e, 0x018e, 0x01b4)
ENCORE_MAP_CODE(3, 0x01fb, 0x0277, 0x020a)
ENCORE_MAP_CODE(3, 0x02ed, 0x042b, 0x02a6)
ENCORE_MAP_CODE(3, 0x047a, 0x061e, 0x03e5)
ENCORE_MAP_CODE(3, 0x0625, 0x06bf, 0x0590)
ENCORE_MAP_CODE(3, 0x06c0, 0x0742, 0x0631)
ENCORE_MAP_CODE(3, 0x0747, 0x075f, 0x06bd)
ENCORE_MAP_CODE(3, 0x0762, 0x07e4, 0x06dc)
ENCORE_MAP_CODE(3, 0x07e5, 0x0863, 0x07df)
ENCORE_MAP_CODE(3, 0x088a, 0x0895, 0x0879)
ENCORE_MAP_CODE(3, 0x08c4, 0x08f4, 0x08a5)
ENCORE_MAP_CODE(3, 0x091b, 0x095f, 0x090b)
ENCORE_MAP_CODE(3, 0x0961, 0x0980, 0x0950)
ENCORE_MAP_CODE(3, 0x0987, 0x098f, 0x0975)
ENCORE_MAP_CODE(3, 0x0996, 0x09a4, 0x0983)
ENCORE_MAP_CODE(3, 0x09ab, 0x09b5, 0x0997)
ENCORE_MAP_CODE(3, 0x09b7, 0x0a28, 0x09a2)
ENCORE_MAP_CODE(3, 0x0a30, 0x0a58, 0x0a1b)
ENCORE_MAP_CODE(3, 0x0a62, 0x0a7a, 0x0a48)
ENCORE_MAP_CODE(3, 0x0a82, 0x0ace, 0x0a67)
ENCORE_MAP_CODE(3, 0x0ad6, 0x0b08, 0x0aba)
ENCORE_MAP_CODE(3, 0x0b16, 0x0b3a, 0x0afd)
ENCORE_MAP_CODE(3, 0x0b41, 0x0b99, 0x0b42)
ENCORE_MAP_CODE(3, 0x0bb4, 0x0bdc, 0x0ba3)
ENCORE_MAP_CODE(3, 0x0bee, 0x0c41, 0x0bce)
ENCORE_MAP_CODE(3, 0x0c57, 0x0c82, 0x0c28)
ENCORE_MAP_CODE(3, 0x0c8b, 0x0ca3, 0x0c56)
ENCORE_MAP_CODE(3, 0x0cca, 0x0d45, 0x0c6f)
ENCORE_MAP_CODE(3, 0x0d48, 0x0d55, 0x0d01)
ENCORE_MAP_CODE(3, 0x0d57, 0x0da3, 0x0d76)
ENCORE_MAP_CODE(3, 0x0e73, 0x0e81, 0x0e67)
ENCORE_MAP_CODE(3, 0x0e83, 0x0f06, 0x0ea0)
ENCORE_MAP_CODE(3, 0x0f9f, 0x0fbb, 0x0f57)
ENCORE_MAP_CODE(3, 0x10fc, 0x110a, 0x0f76)
ENCORE_MAP_CODE(3, 0x12b5, 0x12bf, 0x0f8e)
ENCORE_MAP_CODE(3, 0x130d, 0x1321, 0x1047)
ENCORE_MAP_CODE(3, 0x138a, 0x1396, 0x1075)
ENCORE_MAP_CODE(3, 0x193f, 0x1951, 0x108b)
ENCORE_MAP_CODE(3, 0x19a1, 0x19b2, 0x1108)
ENCORE_MAP_CODE(3, 0x1da8, 0x1db6, 0x113b)
ENCORE_MAP_CODE(3, 0x1f49, 0x1f53, 0x11b2)
ENCORE_MAP_CODE(3, 0x1fa1, 0x1fe5, 0x14b1)
ENCORE_MAP_CODE(3, 0x20da, 0x20ef, 0x15c0)
ENCORE_MAP_CODE(3, 0x20fc, 0x211f, 0x161b)
ENCORE_MAP_CODE(3, 0x2120, 0x212c, 0x1837)
ENCORE_MAP_CODE(3, 0x2137, 0x2171, 0x2176)
ENCORE_MAP_CODE(3, 0x218f, 0x21c9, 0x21da)
ENCORE_MAP_CODE(3, 0x21da, 0x2237, 0x2352)
ENCORE_MAP_CODE(3, 0x26cd, 0x26e0, 0x23c9)
ENCORE_MAP_CODE(3, 0x2842, 0x2886, 0x23de)
ENCORE_MAP_CODE(3, 0x288b, 0x28ab, 0x2b35)
ENCORE_MAP_CODE(3, 0x28bb, 0x28cc, 0x2beb)
ENCORE_MAP_CODE(3, 0x29a7, 0x29b4, 0x2e6b)
ENCORE_MAP_CODE(3, 0x29cd, 0x29d7, 0x30f5)
ENCORE_MAP_CODE(3, 0x2a00, 0x2a0c, 0x31e1)
ENCORE_MAP_CODE(3, 0x2b1e, 0x2b4e, 0x3201)
ENCORE_MAP_CODE(3, 0x2bd0, 0x2bf3, 0x3335)
ENCORE_MAP_CODE(3, 0x2c66, 0x2cca, 0x3359)
ENCORE_MAP_CODE(3, 0x2cd4, 0x2cfa, 0x33c6)
ENCORE_MAP_CODE(3, 0x2d69, 0x2de0, 0x33ee)
ENCORE_MAP_CODE(3, 0x2ecc, 0x2ee5, 0x346f)
ENCORE_MAP_CODE(3, 0x2f2a, 0x2f34, 0x3495)
ENCORE_MAP_CODE(3, 0x2f96, 0x336d, 0x3742)
ENCORE_MAP_CODE(3, 0x3374, 0x3a36, 0x3b20)
ENCORE_MAP_CODE(3, 0x3a3d, 0x3a5f, 0x41e9)
ENCORE_MAP_CODE(3, 0x3a66, 0x52d7, 0x4212)
ENCORE_MAP_CODE(3, 0x52df, 0x5318, 0x5a86)
ENCORE_MAP_CODE(3, 0x5321, 0x5357, 0x5ac8)
ENCORE_MAP_CODE(3, 0x535a, 0x6e52, 0x5b01)
ENCORE_MAP_CODE(3, 0x6e64, 0x7094, 0x75ff)
ENCORE_MAP_CODE(3, 0x70a1, 0xab6f, 0x7831)
